;-16
-152;328;17420;76;248;-45
-136;352;54;215;-16
-208;348;17392;52;227;-72
-88;276;17416;41;265;-64
-216;304;17396;57;244;-16
-152;328;17420;76;248;-45
-136;3-104;336;17364;39;261;-33
-148;304;17388;32;233;-49
-156;348;17532;51;213;-42
-88;296;17300;65;217;-20
-104;296;17428;51;229;-39
-128;336;17328;55;243;-38
-128;376;17432;54;226;-39
-108;288;17380;87;267;-59
-116;328;17308;41;209;-19
-144;304;17364;31;222;-56
-152;340;17356;65;263;-34
-140;336;17364;53;238;-45
-148;316;17352;40;223;-33
-120;292;17344;63;231;-55
20;396;17356;60;215;-335
-2432;4548;17140;158;-120;-3295
-636;816;17356;70;335;-986
-384;320;17348;44;198;-405
-1008;160;17472;63;280;-54
-1556;500;17652;53;160;-26
-1736;348;18240;56;73;-348
-1928;144;18088;49;65;1155
124;508;17340;52;266;-319
-1048;192;17052;37;360;1046
-108;288;17280;53;247;382
-144;304;17388;40;278;-43
-116;252;17484;54;187;-83
-188;344;17456;47;244;-40
-172;372;17340;38;246;-55
-144;312;17364;67;213;-38
-132;296;17360;21;233;-52
-120;360;17324;57;230;-38
-108;360;17352;59;209;-40
-180;284;17264;51;230;-28
-140;352;17308;46;229;-51
-144;344;17348;67;187;-18
-148;292;17348;62;219;-20
-108;364;17360;31;226;-20
-172;292;17364;60;218;-15
-160;336;17320;58;219;-23
228;240;17552;27;252;23
-104;308;17332;63;249;-65
-132;348;17400;83;245;-13
-132;256;17580;41;238;-1
-168;304;17540;79;270;-62
-164;324;17480;63;234;-40
-532;580;20080;-255;-8446;-5297
-196;-2768;20752;-3812;8285;12647
7048;-672;16156;-1208;12178;597
780;-2260;18340;-2389;-1456;3849
280;-2496;17492;644;-2527;1305
1672;-2248;14880;-220;-2806;-705
1216;-1584;18200;241;1464;-811
-1796;784;16300;4075;9603;625
284;1376;17604;1194;496;253
420;808;16332;-3439;-4599;-1039
776;836;16776;173;534;-211
1156;1352;15948;1907;-746;-255
928;1220;17228;467;-775;-219
-1348;1940;14972;-834;-1487;152
36;572;15016;764;-2924;3461
5848;688;17484;2387;1847;-15
96;2620;15392;696;-1061;-1042
884;1956;16864;995;-108;120
3488;1748;17332;-815;-905;197
3352;1208;17256;258;-2219;-187
3344;1492;16740;431;-637;-133
3728;1712;17372;176;1267;-270
3160;2136;16408;-2693;1191;186
2188;1464;16992;-133;1044;102
2088;1836;17468;-414;883;344
2600;1512;16844;-641;477;31
1940;1160;17396;-31;760;156
2608;1248;17952;420;871;451
1960;1596;17604;1374;635;-159
2624;2856;17208;1437;-738;557
2512;4992;14508;2497;2597;911
-6764;4580;24216;2277;4622;3632
-1236;7112;13996;4724;5276;-1969
5112;5620;14816;1213;17632;5926
-3568;3488;16420;3335;-684;-1569
-348;6144;13732;1138;-2901;3052
-3972;5196;9468;-10206;21650;2764
-2448;2688;15468;2399;2113;1875
-8156;4824;11604;-492;2541;2044
-6480;3800;14388;2353;-3600;-2807
-4656;4704;13300;24;-3941;-99
-2944;4824;15036;-1467;-1171;-2067
-3588;3416;16180;438;-2800;-1540
-4740;940;16908;-5484;-2023;-547
-2540;2444;15676;338;2587;1144
1056;3280;16764;-1529;-2949;-1032
932;2044;16992;-1004;156;-766
1956;3436;15276;-1479;-2541;-250
1936;2112;19548;-1431;2597;1079
-120;2588;16040;1234;3268;261
1216;2516;17556;812;-991;445
-1284;2532;16828;1100;334;-498
-1120;2708;18224;1321;920;-317
-1404;2604;16600;1284;308;1420
-2156;3148;17756;1363;1393;424
-956;3956;15848;-724;467;-361
-884;3552;17304;370;-97;240
-956;3320;16564;-63;-140;-392
-1776;3052;17636;-1052;139;-348
348;3700;16576;-297;216;41
-916;3092;16816;52;436;162
-1200;3084;17148;-169;738;-77
-640;3320;17332;78;391;-49
-704;3336;16248;95;-387;-399
-1124;3256;18240;383;993;-1303
-1100;3216;16560;386;380;512
-1080;3528;18060;887;-295;-452
-528;3500;17052;-169;-58;-371
-1104;3408;16920;376;66;-109
-664;3852;17248;221;482;-253
-1244;3300;16952;326;641;-209
-1208;3708;16884;-294;459;-11
-536;3536;16924;27;117;-340
-648;3728;17272;299;-140;154
-484;4160;17032;529;189;-496
-688;3984;16796;5;337;77
-1444;3680;17696;116;-385;-179
-484;3916;17692;-199;1219;-549
-1280;3856;17496;150;-29;-24
-1264;3608;17460;375;26;170
-1904;3556;16512;-323;627;137
-1472;3588;17784;-131;188;328
-1456;3404;16840;-600;930;7
-1288;3660;17152;152;183;-284
-1612;3288;16732;282;287;46
-1552;3360;17488;-136;337;-249
-1588;3496;16884;-77;345;-86
-1708;3580;16632;324;19;-65
-1536;3408;16992;40;344;-48
-1652;3428;16812;96;204;1
-1636;3600;16392;246;260;-264
-1784;3356;16736;-21;172;-137
-1996;3252;17172;-193;478;57
-1808;3208;17568;-15;192;33
-1492;3520;16948;205;96;28
-1896;3232;17440;110;293;-230
-2104;3696;16756;225;201;237
-1844;3668;17428;428;38;230
-1416;3544;16940;568;-37;-325
-1080;3856;16680;88;286;51
-1332;4028;16452;584;163;248
-1624;3848;17172;449;147;211
-1400;4396;16464;395;-237;-27
-740;4692;16452;1855;-1091;120
-1192;5240;15648;829;723;-151
-772;5888;15528;280;-834;-433
-872;5212;18292;1164;-3217;1663
-36;5560;18104;-2276;418;-2352
-912;6244;16628;5653;-7707;-4871
1848;7172;13548;2278;3097;-5285
-3240;8668;13708;4337;5056;-1366
-3772;9016;14976;2971;587;-1044
-2412;10040;12824;2078;1352;-348
-1756;9748;11108;706;-6499;-77
-3696;9132;13452;-4813;1877;-2201
-2064;7928;18344;-1240;3682;3363
1288;10872;12720;-5458;-434;2099
4912;8816;10896;-613;3029;2056
-736;7004;16644;1211;1010;-1912
-5148;2580;23036;-5206;-1060;2389
-1968;7340;19712;12070;10330;3769
-1184;8848;13572;-138;68;-769
-2272;8264;13868;3311;2832;-4357
-1540;10992;14356;11770;573;4332
-2560;10872;9424;-1600;1638;-357
1044;9080;8532;-2164;3461;-1290
-5428;9732;14824;-268;2582;988
-3220;11492;11608;-1744;3846;-713
-2724;11432;14456;1427;-353;-224
-2180;12244;11016;3180;-1368;-173
332;12048;12224;3321;-862;158
-1252;12804;10140;795;-1184;316
-160;13176;10656;284;712;564
-1052;14112;8300;1564;-362;-644
-356;14104;5432;766;5286;1023
1016;13292;9788;1919;972;66
-2120;14000;9972;-2749;3029;-1147
-184;14044;8480;190;-2089;-998
1256;13096;12332;1670;-975;-216
4240;13796;3916;-2893;432;-1043
-1668;13512;9164;-899;1896;-201
276;12928;11080;-749;4916;-912
-2172;13972;10392;3979;-3730;779
1460;13264;8772;2115;-3138;-1413
-2808;13744;13028;1268;1375;-160
136;13868;9688;-87;797;158
476;13432;9948;2276;-1312;-427
92;13848;10236;-1363;1284;-709
-1580;13016;11068;311;2940;96
520;14364;7932;4627;2029;-376
-736;14568;8208;2;2076;343
1;wave;sample start
-764;14556;8876;779;1265;2118
1040;15776;6360;-580;1658;229
5736;18632;8120;2929;34;-6629
-4084;12364;8792;220;1328;-6654
-13884;13336;944;2635;-1495;-4679
-2604;13020;4680;5675;1282;14449
3744;10344;8480;-3252;3459;13719
13496;18116;7552;-544;1307;-9967
332;11684;3972;3204;630;-18490
-20160;10556;3404;687;-1694;-2891
-6348;11012;4316;-2349;1852;21833
9528;12636;9696;1861;-960;12956
12904;16900;8836;438;-608;-9590
340;13584;4536;702;-3600;-13550
-10284;14644;2140;787;-2656;-5212
-5272;14388;3752;-219;3968;9200
4508;15212;5080;111;4144;9646
8380;19344;6708;-3053;2417;-9827
-1500;11716;8084;1477;305;-16370
-16872;9364;6132;2243;1233;-4899
-14788;11256;5112;-324;1266;20429
-780;11396;9620;-265;3068;15881
12796;18688;12472;663;1766;-1900
-2004;11056;6768;7497;1412;-18987
-12356;8836;2616;2986;-442;-9330
-13880;11408;3796;-1621;-1221;16980
4192;12004;6392;-2207;1091;21349
13192;17936;10088;-3344;2486;372
2416;13088;10100;1618;7087;-17684
-12200;10408;1152;4175;3068;-12046
-15024;11916;-1140;-594;-3858;7464
8080;13488;3060;-1829;-3927;23133
17224;18028;9468;-933;-648;5479
12340;16108;9528;2537;3893;-18712
-5704;9588;1600;8468;272;-18997
-19080;10688;-1896;857;-2596;7697
-7688;8304;4552;-4763;-1208;23975
15664;15284;8784;-1692;-1042;9778
12128;15788;11176;2071;2187;-14663
-4268;9652;4420;7265;4662;-19927
-18844;9900;-3376;1703;-2554;-934
3680;15504;-684;-618;-5881;20603
10448;12604;5600;-1684;2673;16486
10584;17552;7560;-933;1421;-15059
-2148;11000;6924;6063;2050;-19119
-16952;10208;900;-478;2598;-8600
-12424;10636;752;-6431;-6693;20181
-2132;11816;4512;-1948;4932;15298
13816;19516;11940;-1252;6015;-12464
-6448;10232;4880;4779;-1456;-16484
-20132;9752;-684;507;989;5153
1600;10204;8252;-6190;-2270;24086
14124;15112;12276;-355;-1328;6232
10172;14916;10592;3970;2676;-17140
-5912;9744;4284;7173;-1692;-17554
-16684;11100;336;-372;-2864;4723
3352;9272;6864;-3856;2483;31906
16352;17312;10968;3046;2289;1262
6172;14064;2980;7473;1696;-17229
-4068;11380;3096;1309;-2907;-12954
-9108;12596;2184;5;-6971;12209
7952;14900;2960;-5039;6430;20997
23220;20188;3136;3852;-32;-4993
2844;11748;7012;611;-193;-24016
-15772;10260;1860;213;-424;-3000
-11300;8600;6204;1699;-2219;24140
8156;16436;5688;-3215;3999;8386
5020;14216;8400;-2963;2616;-15761
-4564;12360;5224;-34;-2928;-16132
-15676;11552;3288;1793;-1439;-1023
-2992;12936;2980;3947;-4383;15585
9544;16864;3024;1547;3275;7787
11644;17484;5004;-2722;2319;-18798
-15064;7652;2388;925;-1665;-20012
-19364;7044;2516;-98;-151;20935
4248;11116;8020;-2068;5253;24247
18852;17408;9412;190;154;90
2904;10080;7396;2292;3730;-25734
-13304;9184;5824;1967;-1743;-12172
-14912;9568;-320;-1106;-564;16167
12504;14916;488;2201;-4427;17795
16440;19036;9516;-1198;121;-8205
-3856;8988;5348;3518;1319;-23811
-20996;8600;156;876;-1915;3716
-148;15928;2676;679;2391;20926
12104;17360;6464;111;2572;-8229
-5296;11588;4284;2324;2513;-19113
-18984;9412;1048;1008;3087;3158
6032;13608;1796;-652;425;24907
15848;14328;8568;-1849;-1792;14910
14296;15088;7580;1539;2266;-21219
-13480;7792;4804;1612;-972;-18632
-15948;9336;56;1616;-2716;19206
7572;13976;9444;-2320;2791;12116
11620;14024;7292;-2736;2992;-21916
-17240;9684;3568;-2365;1878;-9283
-6640;8752;5652;4789;-2385;26027
16708;16820;5216;-885;6600;8889
13796;16036;4936;-2769;1301;-16954
-7356;11812;5520;-1742;-4416;-14792
-14064;11568;2200;-945;3424;-8161
-1772;10720;-2472;1375;-3101;29028
14728;17256;9824;-2304;2820;373
-308;11200;6048;-2349;4559;-23102
-19148;10820;-312;4192;6477;677
1192;10324;1424;2993;-10248;27697
20804;18232;516;1300;3498;-5844
2272;9552;1648;-1691;7004;-32768
-17068;9932;2364;2005;1615;-5086
-2576;11216;-392;1502;-6249;27487
21036;18820;6872;-2948;123;2225
6568;12988;4564;2411;258;-23117
-14452;11504;2404;2848;434;-12878
-7144;9472;2984;-1245;-5173;25664
11504;15320;9724;-954;353;8189
6512;13940;6248;-3461;1348;-20198
-13636;11200;2540;1258;818;-12989
-16320;5632;3780;-1251;-349;25862
9452;13916;9600;-509;3650;15811
15100;17828;10164;-2165;1579;-17230
-10012;10112;6000;4648;-82;-14821
-18296;7928;448;2302;-3057;20415
10424;14092;2744;-1234;2015;17309
14268;16576;6360;1531;6575;-22714
-9268;10804;4148;2151;-2505;-18430
-17332;8908;856;1002;282;14321
13832;16396;4532;1275;-618;13445
9220;14868;7416;-915;1223;-24479
-8120;12528;-1032;908;-1946;-17071
-23268;7152;-128;-3833;1053;2109
2720;13860;5848;5865;-6998;22311
13172;15448;1996;342;-941;13710
13652;15236;5572;-769;124;-17491
-2568;8672;6504;-281;-989;-27194
-21232;9020;3296;1021;2925;3963
-1748;9712;1532;593;273;26253
20304;19872;2668;-3492;473;-3007
796;10244;5208;58;3417;-29027
-15540;10672;4240;1012;1793;-3608
-5768;6968;2776;6551;-5281;32767
19200;17716;4152;-907;3662;5609
8324;12604;6276;-1614;232;-25533
-15192;10732;2996;-1498;3623;-10059
-6528;10268;2912;-2012;-7642;21895
12560;15212;7124;2259;1121;14305
12560;14692;6460;-185;1199;-16220
-8160;9472;3440;-4237;-331;-19799
-14240;7332;5644;-2777;-5392;19783
16600;11624;14156;-2864;-909;21180
13564;13584;13404;4266;6768;-15190
-10644;9436;796;6550;5686;-17024
-17272;7932;4768;-4646;-1419;12948
13856;13500;11740;-2392;-5397;17770
8584;15432;13092;-753;-501;-5976
-360;9132;7988;3859;4908;-23175
-19888;7928;7876;259;-1502;1495
6172;9172;8836;2531;-6934;28782
17592;16356;13028;-878;-466;-792
7220;10776;7440;4954;3173;-27460
-10980;9788;4204;1551;8838;-11170
-9776;8152;6668;-896;-1493;21580
4444;16192;13048;2852;7704;7554
8184;17912;10124;1514;12448;-7092
-5868;13004;2908;7524;2817;-9643
-15992;10756;-9712;-3614;-6818;8494
16552;18576;7852;-10843;-1986;9379
10824;18036;7408;6118;-2441;-12020
-8784;10672;3880;2203;9928;-12850
-13712;10944;-2492;-573;-2117;8473
1008;12312;7836;-8762;-2913;21786
12828;18352;6412;2596;-1147;-6174
-2928;13380;2224;3669;6925;-13311
-18496;9584;-1920;-8085;1616;8156
9192;13752;10484;-5542;11483;18486
9844;16408;12300;3971;-3447;-9092
-6408;9724;3472;3155;9885;-16614
-16736;10416;-4316;-4257;193;8881
15056;15800;3380;2256;-16654;16374
9264;16848;6628;574;7158;-11515
-6536;10956;4240;2250;3261;-17734
-15580;10808;-2464;2731;-11508;7778
7044;14044;5540;1955;-7910;17762
12564;19340;6548;-2604;4308;-12192
-5060;11968;6692;1020;2302;-13402
-17164;8972;3528;283;-1520;1411
-728;13488;6244;2308;-57;16955
14212;19232;7848;-4618;4816;-5217
-5412;9880;6652;-664;6621;-20603
-20876;8032;620;4919;-2647;-806
5672;13192;2284;873;-16025;24013
26172;19404;8804;2884;-647;7355
9448;12404;6252;3424;1277;-27078
-13480;10080;2740;2432;4087;-11519
-11248;8116;3144;5546;-27435;31074
5864;14416;2212;-1035;944;9464
6824;14748;1036;-3794;6999;-20176
-16260;9884;8208;-1723;-3516;1598
7244;14924;1296;5331;-51;14401
13928;19416;5876;-1277;4933;-8968
-5680;10736;3896;-4366;15275;-15080
-14732;10104;4120;779;-12761;12578
13728;16784;13080;1363;-3804;13074
5796;15868;7160;679;6782;-11756
-5732;12576;2332;2477;9661;-13327
-20360;9468;-5108;-646;-6520;6300
10752;11932;5896;302;-8708;26511
19396;19420;5204;1634;-6597;-4159
2340;12544;3208;-1127;3687;-21992
-13300;9888;6832;-384;-3865;-5649
-4348;11184;5100;4725;-3668;20990
14628;18796;2308;1455;-2733;3284
5020;13376;3240;-4070;17859;-18690
-15080;10328;-288;256;3043;-8750
-5528;9492;4268;-2799;-5297;25465
19812;17688;10996;-1078;295;8198
4460;12632;9612;2578;2076;-15411
-9884;11648;1224;1471;5010;-13019
-11892;10140;280;-10654;5854;14082
13492;16540;12820;-1396;-12260;12187
6176;13216;5432;-2199;-3179;-17681
-12760;10460;10028;-2042;-2757;1045
16672;21004;-68;-172;-29;3004
1288;12788;3568;-4168;13568;-17511
-21716;9080;1528;-3211;877;5088
11328;10192;11360;1412;-8299;27085
20100;17120;5868;-1976;3601;-15031
-6356;9320;6168;261;2213;-19311
-14940;10884;1188;-2788;973;11569
10824;11616;4136;8547;-6883;23822
10236;15328;3080;-494;-240;-10994
-500;12936;840;-7468;6523;-15001
-13624;11872;2784;-471;-1002;10136
9368;13532;756;9364;-7568;18399
15592;16804;1524;-5214;9128;-13550
-6004;11256;5400;-1144;4120;-16761
-13496;10692;4416;659;-6075;17411
20264;16172;6600;5390;-1794;16963
15492;16252;3628;-213;-2897;-15412
-11532;9768;2848;-1445;7382;-16923
-10592;11416;3704;6733;-18538;18760
9896;15288;-20;7671;-7074;13331
18372;16632;-2664;-2196;10600;-10812
-116;11236;2880;-7110;9599;-22299
-18184;11676;300;-2362;-3677;9702
9476;13636;1428;15317;-15033;18465
19144;17392;-1048;-2598;7731;-8781
-2712;11680;3508;-3095;11203;-19124
-14844;12788;-1180;2132;-3212;3731
10620;15184;1800;7261;-15231;20989
15580;16952;1376;3070;-2441;2213
-264;13284;2376;-7488;22008;-13907
-13212;12752;-2816;2427;4867;-8747
2692;13768;6788;3294;-19365;14171
13468;19656;6948;-198;865;-2505
-5780;12044;3228;293;7404;-16809
-15648;10864;-704;2206;-1994;4154
900;13480;736;8809;-9657;22205
15268;18804;2896;-2448;4516;-7222
-4040;11348;2824;-6474;2996;-20569
-18544;9700;5056;2771;-433;9245
3924;13604;868;6266;-8125;22205
12220;17764;3964;-1750;3663;-9993
-6700;11204;2996;-5689;14186;-18555
-15272;11248;2012;2577;-5925;10073
10664;16000;-1296;15021;-9609;18407
15920;18168;628;-2783;2053;-6721
-4560;12460;1476;-4944;6705;-20458
-14928;10420;4832;621;-786;6417
8764;14972;1792;8955;-6611;19710
17232;19360;5620;354;-1717;-64
2296;13968;4204;475;3244;-20437
-13764;11352;704;-1615;3588;-2285
-904;11184;672;2748;188;24670
16272;19788;4284;-2539;-1902;-2352
-540;13784;3776;-395;146;-13712
-14740;12004;2932;286;1548;1239
520;16948;5464;-2642;495;6450
3236;17548;8872;393;1219;-1271
1736;16216;3260;423;-3118;-10121
-19336;6912;424;-1116;144;-9108
5984;12272;6940;-1027;-4218;18800
9812;20536;9404;-1409;-710;-3392
300;14172;4068;2552;-2761;-13546
-17952;9212;4428;-2231;947;264
0;15548;6156;-2467;-2200;9352
5788;18192;12172;1597;711;-2884
-2988;13340;5952;5493;-263;-10887
-18516;7352;2300;-2266;1523;8064
17904;15448;8516;-2919;2641;25382
11336;17960;5208;-2039;936;-13668
-7036;9372;6616;-2731;-2587;-18559
-15004;9564;5752;-386;1796;7649
5992;15656;8188;-2412;-1235;11769
9880;18764;8008;313;-473;-7752
-4616;10620;6716;1831;226;-15365
-18084;9080;5740;5010;2538;8773
-1684;13128;3132;-360;3826;19624
16808;19668;6244;-2024;-1742;-8164
-6668;10220;5800;-2569;1513;-16716
-15860;10472;4544;142;474;5014
-1752;7992;10408;-1672;4931;26170
18196;18600;11184;-980;174;-1789
-2424;9320;5696;-1565;-800;-24807
-17224;9804;5888;1486;1936;1352
976;9344;7772;5671;33;29864
17492;18848;6476;669;-105;1855
1928;11864;4404;-5720;-1372;-24196
-16760;9184;5516;-1514;428;-2074
1384;12040;4624;8091;110;26341
15444;18292;2296;1318;328;2072
4440;13032;3568;-5465;398;-24870
-24064;7224;4168;-2507;-41;6939
9536;16996;6696;5378;-4024;11928
-608;12888;4544;-5292;2850;-16715
-14452;10224;3564;5066;-115;18248
17812;17868;1908;2699;1974;9622
988;12156;4152;-9535;-103;-21742
-15476;9928;5812;570;-2144;-5014
6040;10756;5616;7421;-1387;31637
16036;19180;4068;-6149;1663;-14736
-6164;12164;7080;-3357;-2164;-4552
-6868;10984;12420;5711;-2870;10813
11340;18416;3524;-474;2445;-1381
-960;13004;7988;-4070;-74;-8195
-1672;14504;9280;2363;1013;-596
sample end
-4296;12840;7192;1666;3744;6285
1472;16424;4096;-797;-143;-1726
-668;14944;8032;-775;-122;-496
480;14952;8684;-1382;1412;-620
-1052;14644;8088;-1213;126;-31
-948;14588;8844;-406;589;396
-828;14376;9108;-574;-45;196
-148;14700;9056;269;-394;723
-120;14224;8568;-518;-719;555
536;14304;9028;-69;141;-96
656;14160;9568;106;-116;255
540;14000;10060;174;-323;-245
156;13904;9508;610;-134;175
36;13892;9632;322;145;21
492;14328;9236;-198;393;-121
180;14176;10212;431;188;-470
172;14108;9156;224;-366;-754
-124;14152;9196;349;533;-399
-208;14388;9392;27;332;-551
-392;14060;9180;-224;59;-440
-424;14440;9116;190;238;-387
-980;14320;9292;155;474;-155
-140;13948;10516;-1878;-2437;153
-664;14196;9080;694;1045;142
-932;13744;9556;-1394;1045;47
-1144;13572;7952;-4624;3448;67
-1508;10248;14588;-7162;1512;-1199
-2004;10224;9712;-3689;3794;-1803
-6164;6668;13248;-5673;-776;-251
-2624;6168;14244;-2174;151;1037
-2804;3284;17780;-4853;-2333;-111
-2056;1780;18304;2027;-1058;176
-2076;2952;17948;252;-1697;-2337
-1956;2608;17888;-734;-29;-753
-2788;3144;14428;1389;-517;3365
1432;900;18952;-5531;-3383;2240
2848;1452;17888;1082;-705;2108
780;1636;17344;308;21;-1690
-412;1516;17696;106;947;-243
-64;1724;17580;1532;896;469
404;3304;16320;3574;-264;1051
1244;3624;16456;511;297;20
-2364;3356;19788;2549;-47;-7604
828;5560;13676;807;2150;1871
-284;4676;17024;-906;131;-580
-188;4364;16516;-250;199;-392
-488;4440;16480;-363;75;-56
-1264;4496;16356;-42;316;-32
344;2484;19716;-119;-551;-328
-72;3780;17404;-116;-321;-175
76;3792;16808;496;32;404
300;3696;17608;446;-91;-257
-164;3612;17604;702;595;468
-208;3832;17204;932;443;162
-576;3584;17256;-283;-78;-102
-208;3968;16576;45;249;112
-404;3796;17008;67;-17;-243
-300;3916;16888;322;465;5
-48;3956;16368;-238;-81;-151
-384;3776;17060;333;150;-268
-268;3744;16996;-134;214;-112
-324;3928;16536;338;109;-209
-480;3560;17364;-100;244;-191
-336;3708;16996;156;231;-53
-376;3916;16860;80;221;-168
-380;3876;16560;77;334;78
-276;3672;16784;-11;754;155
-548;3528;17232;-62;-41;-143
-380;3860;16688;169;196;-60
-572;3504;17280;13;365;178
-300;3748;16964;178;332;6
-424;3520;17376;313;231;27
-120;4136;16684;105;233;-41
-552;3844;16920;191;233;-6
-72;3840;16772;242;158;187
-304;3944;17060;110;212;-19
-396;3752;17128;-114;384;203
-368;3956;17152;88;433;93
-616;3448;17368;-143;187;32
-20;3852;17504;36;280;355
-284;3816;17012;-93;-14;-94
-300;3800;16876;11;124;-113
-444;3768;17044;191;277;3
-144;3656;17208;-9;148;-136
-80;3996;16204;330;77;-249
-604;3552;17356;172;109;137
-428;3720;17136;329;328;-86
-292;3880;17284;157;156;-143
-260;4064;16928;603;66;-436
-284;4284;16800;149;-64;-227
-520;4244;16708;-99;251;-162
-448;3752;16760;-538;91;-8
-684;4348;16548;-296;79;116
-980;3448;17048;-317;319;315
528;3912;17452;-272;536;575
2;circle_cw;sample start
-2072;3684;18496;17;-155;765
2076;5216;17672;5565;1913;-939
1800;6400;14052;3195;407;-4734
-2376;5020;9764;-4645;2631;-5891
-10516;588;14644;-12038;-3636;2989
-884;-1940;23884;-1552;-1178;8686
2348;512;23468;7522;2356;5861
2628;5920;13448;9762;3675;-5398
-4156;5000;8780;906;-198;-8993
-10732;3372;11608;-11079;-2691;-1705
-4176;2116;21440;-1298;-4452;7353
2768;2628;27256;4688;-4596;539
2440;6008;14608;6259;6102;-4274
-1772;4552;7000;4058;1589;-8379
-10432;4188;9240;-16325;-11972;1947
-2264;-2604;30768;-2221;-4376;16678
12764;1608;18048;13890;3253;3112
792;5880;8828;9384;4160;-10272
-6360;5640;10552;-4171;-3989;-8349
-12180;-116;19480;-11721;-6510;5081
1036;-1140;30384;5433;-2599;9577
7252;6208;10596;13554;4236;-4123
-4124;5376;7000;-9706;-1167;-11389
-12716;-2240;22080;-8835;-5279;7529
3564;1056;24528;7186;-2938;9175
5688;5256;16756;14401;1953;-2201
-4084;6540;4460;-4183;-659;-12129
-10744;444;17656;-13051;-3244;6640
10436;-84;24064;1901;-2165;15479
7956;2548;17052;16015;5639;-560
852;9016;5080;8225;-2349;-13028
-9956;5876;9392;-8805;-7452;-9226
-8408;-532;20080;-17070;-5454;6600
2984;-920;25052;6565;-4258;14965
8196;5888;12796;13697;2329;-7719
1896;6680;7856;-1255;-1270;-15256
-9904;-1436;22092;-16560;-4480;13498
1728;492;26900;4648;-406;12681
9340;5600;13552;11758;5058;-9359
-896;8060;5380;-410;-684;-14353
-9912;1780;12080;-13726;-9270;-1254
6260;-1676;23640;300;-2112;18687
6944;2076;18528;19336;5252;5093
940;8152;7504;10661;-995;-12807
-8076;5132;8468;-11029;-5620;-9860
-7524;-928;24896;-12763;-5983;10828
572;-488;25768;10561;186;13713
5872;5692;9840;17914;1962;-7767
-7392;4836;6380;-8462;-8466;-17903
-7528;-1832;24248;-6553;-7455;20491
3128;3724;21256;13376;1366;6327
4152;8384;7204;5089;-1137;-15355
-4656;4408;10436;-13097;-7896;-6805
11024;-228;22520;-5435;3036;22766
6096;4496;15696;10714;2948;6858
3912;7596;10232;11608;3308;-12587
-2308;6716;9228;-5993;-4698;-13407
-11152;-4;14832;-13403;-7885;-1210
5164;-3028;27688;1876;-3022;17786
8512;3724;17376;20453;7088;4557
1256;8348;4368;5088;-670;-13967
-6840;6188;8448;-7017;-4509;-6406
-5424;-3328;25684;-11935;-5626;18390
12756;4112;18612;14235;5634;5152
4212;6852;6984;10078;2172;-15778
-12628;-404;10976;-18299;-8256;-8787
-1388;-5452;31516;-3910;-5475;16202
12100;6296;10028;20923;-1763;8377
1892;8728;4640;-4181;-1704;-15730
-8936;1204;10168;-16941;-7453;-9757
3780;-7328;24652;-10552;-10301;9659
11544;2816;12256;17716;-1821;2678
-1164;6680;4592;2557;5186;-15537
-13092;-1372;16276;-18289;-7743;-1795
-5948;-9304;26316;8837;-4867;19669
8632;3404;16248;20836;2064;4928
-804;8520;3468;1002;-3478;-19041
-15200;-3076;20984;-18417;-10825;6434
336;-3672;29612;14772;-4840;7394
7216;8124;9244;13044;-2959;-13187
-8156;6292;7816;-12405;-1697;-12872
-10972;-4480;23444;-16054;-12466;8982
5232;-616;24276;15401;-745;16245
4636;7816;10328;8892;219;-13373
-1772;8772;7952;-9235;-1359;-14768
-8464;832;17300;-8270;-5568;3908
-768;-4364;31260;169;-5567;10194
5172;3044;17420;16475;1402;4981
2060;8232;8768;3075;-124;-14229
-6796;3592;11840;-11213;-6163;-6369
-1744;-4272;26596;-4369;-7581;19068
7776;3200;17972;12254;10590;4147
88;7700;10476;9317;-952;-11840
-12164;2204;9472;-14792;-8745;-10612
380;-3608;27004;-7573;-1800;9903
10340;4660;18004;15518;7908;7202
-2152;7780;5820;5367;-4654;-16560
-10280;1624;14720;-18917;-9835;-2280
2800;-1656;27844;7467;-7546;12425
8568;5940;15492;13383;7371;-2322
-3696;9492;2680;1107;-1874;-12570
-7832;1864;15584;-16234;-10486;-3773
1688;-2948;29096;-1475;1438;8102
4852;4172;16776;14915;-107;433
-1356;7128;9124;2940;1276;-8236
-4728;3092;16292;-17011;-7201;-2344
-2112;-4424;23664;5803;-9975;18256
6704;2232;18308;14163;5227;2097
-2152;8892;3604;6012;4948;-9192
-7148;2336;15424;-15019;-10383;-7627
-4200;-1844;27004;-1772;-4490;13436
5892;3152;21248;11830;6408;4146
136;7408;6700;8487;1493;-8905
-9004;3952;9008;-6578;-10633;-11096
-5816;-5160;31128;-8996;176;21417
4884;3668;19620;17779;4613;3257
-536;7268;9240;1700;-1041;-12684
-11660;-3052;21952;-14245;-10137;3784
2460;260;26816;11598;1713;11633
6216;7404;9952;10587;1469;-8174
-5280;6888;7936;-6031;-5314;-12334
-8472;592;20000;-9795;-8284;9379
4976;620;21680;11535;1981;12037
5056;7480;8688;12392;3910;-7521
-9548;5712;8664;-4158;-3925;-11195
-5276;-1924;26564;-8669;-4558;13956
7608;3004;18932;17333;5813;5844
4596;9344;3464;5899;3034;-11938
-11540;4364;5924;-12271;-8593;-6614
1476;-4656;31496;-7974;-2135;21605
7088;5468;14912;16177;2527;3455
-504;8220;6700;1487;-2940;-15496
-10696;1576;12840;-18606;-8735;-5626
4832;-3500;32767;568;-5577;14683
5948;5740;13568;15657;5427;-430
-2416;7460;5528;-2822;-1785;-17004
-12940;-2456;28688;-18910;-6857;3240
6424;-1980;30408;12629;-2831;13035
5040;6020;11552;12974;3725;-6681
-9972;7660;4612;-4348;-8939;-11736
-10644;-404;13692;-16897;-11120;2721
13036;1344;20908;14217;4520;13906
1888;7748;8276;12553;4175;-5646
-6476;5688;7468;-11324;-7494;-13676
-1864;-408;27872;-3509;-2267;7050
360;4372;22332;9788;8506;6004
-568;8652;8272;5419;6741;-5550
-7288;3920;8860;-11976;-14094;-8604
1176;-2948;27968;-7302;-3413;13792
4716;2268;18608;13708;5375;5219
-1704;6920;11484;5747;6418;-3467
-6068;6604;6116;-10622;-6736;-5705
36;-4904;27348;-8178;-4380;23222
6356;1492;20180;17221;5473;10844
-2764;6620;6084;5839;-2923;-14546
-11636;808;14808;-19601;-13071;-5825
5728;-2188;28336;11346;-4217;14224
6944;5456;13860;13601;3753;-3981
5548;9144;6412;4932;-2281;-15611
-12536;5256;19380;-4315;-1698;-1422
-6452;5976;13684;1586;2020;11437
6244;8736;21996;-5132;-450;-3470
1552;6128;23776;5322;1402;-4095
-2064;5816;1876;3549;-7905;-19478
-9524;-272;12112;-17309;-11429;-2194
6836;-4312;27444;12722;2970;25401
6244;6308;11212;19112;1759;-5486
-4280;6448;7460;-3546;-4784;-20749
-12072;-1588;13436;-21610;-12023;84
1816;-2464;28732;9689;-1158;12312
3304;4844;14764;17135;7527;-3158
-2732;10256;2748;1655;-5108;-13573
-6668;2340;14136;-20818;-10871;730
-2752;-4892;26108;-635;-3003;19296
2796;4652;16232;11745;1812;3075
-8;8156;10976;8365;1713;-6881
-3140;7924;10384;-2612;-4508;-12282
-8104;3212;9412;-14301;-4807;7361
-1792;-4256;32024;2529;-4431;11055
5308;3836;16500;16992;4056;2864
4172;8744;7656;8210;-1707;-18063
-12504;2084;10332;-14994;-9335;-4352
-8988;-2808;24124;-3651;-4882;7676
3640;184;23916;13828;-980;11631
3064;6884;13532;10708;-2004;-4123
1568;9384;8564;1618;865;-11443
-4508;5768;10316;-9312;1804;-11756
-10048;-1772;19512;-12442;-11196;-162
6988;-3896;28220;6830;-1626;18160
2764;4676;14776;20010;872;657
-3488;8644;6556;4207;-2478;-15595
-7476;3736;8312;-19560;-2756;-8598
-8444;-6364;27016;-6147;-11459;7188
4172;1096;20324;9444;2618;5408
10696;8084;9040;13507;2967;-7948
-3196;6632;5088;-2896;-4970;-13297
-6636;-704;21064;-16914;-8947;2755
6144;-184;22408;10253;1274;14106
6568;7060;13428;17229;658;-5742
-4840;6648;6420;-5153;-7522;-16289
-9940;-3140;18164;-20398;-12571;5413
7432;-3060;24752;14805;-657;21864
8160;6196;12232;16734;1293;-1011
1832;9944;4632;1946;-269;-14345
-8652;1536;11508;-17442;-7621;-12520
-3176;-3836;20976;-11472;-8235;3882
5628;-2328;22688;17741;1925;18673
5156;6052;11196;18688;1865;-5366
-5320;6612;4892;-2815;-4055;-18180
-12944;-3960;22420;-18190;-16344;8902
5368;-1120;26760;5857;2632;11206
10564;7048;11844;17265;3197;-2446
-6324;7680;5612;710;-4677;-14585
-12376;-520;16988;-15603;-10221;214
1716;-3704;29436;8878;-3041;19180
9152;5796;14896;18121;2808;552
-3452;8108;5704;1329;-5473;-16740
-8816;776;16644;-19957;-12306;3461
4680;-3684;29040;3689;-2042;14699
10116;5544;14800;14194;7252;-1705
-4824;6112;7808;10286;-3116;-15868
-7664;2380;13864;-18065;-8525;1705
-1372;1452;21036;1922;849;6017
3424;5408;16288;11215;4399;1071
-3992;6184;9988;4636;964;-8874
-9532;3356;14536;-13495;-383;483
-308;-2580;24432;5894;-16793;23653
5056;4852;16088;12541;6247;-3883
-3352;8452;7516;1858;3456;-7177
-9540;-936;20944;-17248;-7459;-659
-2892;-5472;29948;9136;-2344;12420
2836;3948;16348;17943;8327;653
-4520;9672;5940;5134;-492;-9134
-14496;2616;13000;-13550;-7099;-7096
4724;-144;23260;-313;-3748;12013
2760;5732;15568;12590;7444;-713
-5748;8728;5580;3591;1581;-7636
-11992;1528;16464;-13889;-6920;-2830
-2588;-3668;20980;-14123;-18216;15418
3156;1428;19432;16895;10260;3363
-3072;7136;9616;4821;8928;-9982
-10880;5100;11020;-7283;-6680;-7996
-4972;-228;22996;-15322;-5587;10841
-1048;4188;20068;7497;3841;1154
756;6168;14736;2579;5570;-6647
-7912;4752;9508;-4961;-5102;-6614
-5664;396;27016;-2525;-2602;3365
-1868;2792;18992;8295;2158;2811
284;6716;12924;3891;2032;-6520
-4356;7316;9664;-2270;-4200;-2156
-5352;2652;22656;-4787;-1107;7306
-352;4684;22724;6290;-1037;4453
-180;8664;10128;4026;4553;-3842
-8528;6436;4404;-10370;-4459;-8741
-5612;-2196;24100;-13044;-8427;9896
7112;148;20324;14623;1336;10246
6448;7288;9408;9987;4989;-4506
-3416;7744;5784;-3878;-1280;-10634
-6660;-2744;29228;-8465;-7022;9365
6172;2748;20416;13375;5529;5471
-508;6860;10064;7638;4680;-9408
-7416;6632;6348;-5854;-4286;-11082
-5368;-316;16448;-15692;-8345;3491
6952;-3868;25300;11682;3675;12371
5256;6028;8920;9882;1914;-3343
-4184;5656;16276;-2677;-1383;-10100
-4788;2492;13104;-9764;-5185;-997
-408;-5232;24828;1543;-5940;20100
10472;4844;13612;11358;4162;-10572
-448;8020;5188;-3481;-4202;-11270
-1360;-344;18488;-12039;-7783;8589
2992;-1012;24004;10942;743;11104
7092;5408;10064;10855;1447;-10930
-4948;5032;12384;-4977;-2808;-6441
-1612;3288;17312;-6714;-3152;1684
2228;96;21996;1507;-1068;13795
8096;5508;14320;13349;1435;36
-6708;5152;12140;-4426;-1324;-10257
-7632;1192;16364;-10189;-8230;1069
3664;-836;23240;11825;-985;11351
11984;7388;11484;10337;3164;-9558
2788;10000;6964;841;-5081;-16872
-2116;4528;12252;-14009;-2281;-3321
-1272;-584;19728;-6946;-6473;9626
5516;-3260;23668;18907;3226;11788
2772;5592;12368;12530;1270;-10282
-1752;3848;2356;-14444;-9433;-18054
-4976;-5140;25248;-3130;-7215;14969
11840;168;21992;16024;3771;9193
9440;8400;748;-32;-2347;-26074
-7448;972;12392;-14506;-10824;5290
3636;-5440;28308;6109;-7265;15745
7664;5676;12024;19929;-25;-2379
6160;9588;6420;86;-711;-17377
-188;6004;9788;-15170;-6682;-12218
-7076;-2420;21224;-14061;-4406;4179
5712;-3664;22448;10092;122;11883
9880;4228;16900;17335;9048;-6972
1240;9024;7528;-4485;-6940;-11189
-5468;1272;16584;-15999;-6969;-5730
880;-5884;31552;-6824;-6198;9544
7956;920;19336;14176;1701;3542
3240;7216;8260;8699;2970;-9822
-6888;4848;8136;-8210;-4758;-13032
-5216;-5312;24176;-17848;-13956;19419
5728;-2264;25628;17231;2110;12747
4212;6372;9016;13036;79;-12933
-8516;2148;14472;-9682;-10526;-13038
-4200;-2408;27456;-10311;-2993;17996
13520;2512;19944;16275;5182;5327
3216;6152;6768;5695;2433;-17794
-7280;1904;12672;-20809;-7807;-4160
6720;-2060;21108;10772;1367;19844
7392;6160;10308;10308;7948;-8765
-9044;3132;10860;-7341;-542;-10698
-10632;-3224;19536;-7385;-12267;13295
7924;-808;24412;8566;85;11313
6324;6872;9608;11917;1717;-5489
1964;8060;7292;-1971;-4301;-18571
-5464;1048;13256;-21707;-5658;3119
6032;-6932;28768;694;-3682;17968
3852;2264;17124;15862;3430;3236
-3164;6480;9160;-774;-161;-11050
-5404;3408;12160;-9383;-6471;-9904
-1664;-5088;28564;-2239;-2957;25581
5060;2984;17928;16635;2711;-458
-384;7872;4672;4024;-1956;-16320
-3008;4920;13720;-12865;-4069;-4124
-3816;-2244;22320;-797;-4290;16228
5072;672;21972;15946;1636;6704
796;7396;9152;7051;-2019;-14013
-4656;4544;14224;-13672;-8940;-10218
-2544;-1972;20072;-10043;-8302;15904
8440;448;21328;17247;5414;11066
3912;7996;9880;11874;-2995;-12960
-5068;5428;7532;-17379;-13251;-9626
2096;-1260;22128;-10431;-803;13085
6964;1260;21896;8295;5546;2668
2708;5868;11808;8249;5357;-7481
-5324;5560;8804;-8705;-3832;-6806
-3904;-4248;24436;-7232;-13197;14785
1432;-724;22564;16337;381;9733
3024;5772;11976;13141;958;-9381
-5316;6628;11472;-2583;-6772;-11624
-80;2000;17272;-16209;-3698;8908
7216;-1784;27220;9862;318;10736
3420;5008;13312;7470;5512;-12863
-760;6960;9448;-1080;-2988;-15934
-5140;-1084;19196;-18797;-7163;4651
5772;-4992;28268;13126;-2979;19554
7072;5164;14168;11478;3449;-7268
-6660;7076;8156;-583;-1044;-12919
-7736;-36;18772;-15541;-9362;-5839
7500;-3248;24308;8454;964;18390
7964;4452;15432;15067;-219;-3942
-672;8296;7288;-1655;-4804;-15873
-4092;420;20156;-16131;-4058;2187
2432;-4464;26084;7920;-7124;19582
6872;3448;17280;17896;612;399
188;8264;6128;-862;1495;-15426
-6484;1848;11048;-25830;-5473;-2961
2964;-4608;25352;-4441;-1770;7228
8752;524;17800;18590;4834;4099
1744;8400;6316;7926;-1938;-15862
-12148;6312;6532;-16515;-4922;-5220
4260;-4376;25776;-7914;-11987;14822
12660;3432;14820;13500;5081;2678
-3552;7144;9256;7046;-3220;-6315
-4492;3236;12124;-19159;-5323;-4760
4340;-4060;29912;5760;-1331;13327
11380;6124;10616;17591;6665;-7669
-8208;5804;8780;-752;-5972;-9854
-7856;840;17912;-18069;-5655;-4739
3212;-3908;31200;2201;-3924;12028
5856;3328;15224;18608;5928;-2394
-5064;7348;6852;-2734;-129;-14582
-10024;1248;15224;-14770;-9398;-4421
4780;-8180;30980;7636;-10576;18480
7140;5536;12216;13799;5037;-8768
-6136;5444;5376;-6495;-3704;-21757
-2528;-1756;28312;-10305;-9618;7397
5512;-6064;30292;16101;1445;14554
4252;5752;11248;9517;5037;-15634
-5900;4564;6188;-15971;-5251;-9906
12172;-6600;29060;-7965;-4185;22471
8084;2264;15372;12356;9558;641
3648;7648;6024;6759;-335;-10707
-4444;5696;8060;-8956;-6090;-10962
-860;-4048;22872;-11832;-6628;18687
8864;-1964;22696;15190;2670;13921
2984;3900;14460;8142;3163;-2307
-4312;3992;9412;3785;-2749;-12696
-11720;-4656;20076;-24718;-14179;10575
7244;-2728;24604;20727;1893;9858
3104;6804;7752;7651;-1474;-9185
1768;4832;15768;-12963;-6915;-9649
-5404;-1232;19164;-10566;-2319;6759
10320;2416;18460;6333;5462;6901
sample end
1912;4504;14856;5888;1345;-491
212;5312;15136;-1274;-1975;-3843
1012;4248;16732;-1241;-482;-3419
1052;3376;17116;-2673;318;-2377
2316;3400;16976;-285;-501;-2401
2564;3280;16944;-132;-206;1221
1528;3248;17124;942;-460;-185
2516;2816;18096;-360;-1570;-1761
1920;2612;17628;-457;37;-649
2116;2984;17436;-1276;405;-244
3040;2904;16244;-552;273;152
3204;2396;17444;-1136;-94;-84
2960;2604;16672;75;498;7
2300;2464;16520;431;-233;1023
2664;2580;16680;1525;413;660
3312;3028;16376;355;1860;-191
3044;2664;17104;-822;517;-7
2636;2100;18292;1160;2570;-682
988;2884;15556;723;1768;-1498
788;4004;15308;199;-126;777
1404;3152;17372;-940;287;795
2736;3972;16152;-602;113;-274
1696;2764;17132;-867;652;-121
132;2752;17696;-838;-216;-305
2212;1396;17212;1773;-260;-549
1604;1800;17200;150;-8;492
1728;2568;15724;728;-321;360
2860;2560;19288;-315;713;-2030
592;2660;15160;2644;2302;92
1768;2576;18216;-5590;-761;-241
2740;2692;16168;-391;2736;-2193
1636;1404;15836;-857;-80;-51
876;2000;14920;58;3007;483
-628;2860;16656;269;1244;-59
-1564;4580;15356;7988;-1869;1735
-1976;4044;17464;1502;2114;1103
-704;4416;15248;-4291;-3737;-771
-752;1916;17664;-1595;-2669;-644
2752;3740;15340;1927;-1258;3833
3632;3960;16484;-4338;-64;-5552
904;2000;14884;2611;-777;1554
2536;2716;17836;-396;542;409
584;1644;18384;3;1064;-110
3944;3620;16044;-221;337;-657
1060;1952;17300;265;406;-201
2096;3372;16580;512;-325;45
584;1656;18176;2069;-54;558
1264;2876;19428;2578;1010;68
336;3188;15272;2589;-561;943
1540;2648;20120;-992;192;60
1004;2716;16996;-397;364;-497
1160;3252;17416;-629;812;-211
380;2708;15652;2065;205;1276
2300;4132;16820;-501;-785;-647
424;2412;16612;194;540;-397
1476;3104;18600;-1801;457;-435
1400;2312;15656;1051;504;-631
924;2376;17580;-772;230;987
2000;3036;16372;616;890;988
1296;2712;17968;119;1090;-454
200;3712;16660;1261;1403;-19
380;3292;17624;-1304;514;-186
912;3296;17720;-559;59;-792
592;3300;16156;-487;13;-93
404;2624;18080;-305;91;-101
372;2548;17628;-770;338;43
240;2388;17896;1758;891;-197
3;circle_ccw;sample start
-1088;2856;20788;4308;2021;667
-2612;4072;14248;2342;4124;5092
388;3384;13472;-5485;738;5400
7208;1336;24064;-7609;-3064;-2308
-1232;-64;26008;2831;2023;-7003
-5424;3036;11544;8508;6982;5448
848;3968;7264;-2306;-590;8270
7240;4104;19560;-6420;-9221;-7184
4268;2184;22456;1563;-2422;-7983
-4372;2208;16984;8073;1840;-659
-676;5100;3180;6262;337;9111
13948;4132;10228;-18019;-2044;-5864
3292;-3820;31160;7258;4020;-18640
-8808;452;13980;11792;13015;14677
-2628;3672;7284;-7141;-1519;7857
3904;-2060;22120;-17432;-6260;-8274
-2916;-3164;25876;6030;3276;-11305
-6812;1300;14052;13346;10955;6460
2568;7424;2780;-5367;2870;6349
4620;-2236;20124;-16879;-7934;-11852
-1240;-5228;31704;5810;-703;-17238
-7812;1472;8736;18290;14210;13015
2572;4536;5116;-10097;-2688;10655
6116;-3832;28060;-15903;-3610;-10119
-1032;-2984;21824;8017;9232;-6786
-4040;1476;10664;12144;13746;19455
1160;2296;12056;-12549;-6099;8927
9000;-3436;26452;-7611;-4365;-12687
-11900;-2944;19076;15891;8707;-2184
-6324;4184;12240;8290;3147;12236
3860;744;16624;-21181;-5118;-2991
3080;-4120;25124;-2109;2016;-14402
-3504;-2124;15952;14876;12325;3698
1308;4676;3824;2818;2066;15196
8152;2724;14048;-17149;-3762;1584
4204;-2136;25024;-3729;1380;-11053
-5636;-1992;12568;17511;7832;9435
5144;4288;9604;-9841;-2131;3278
6084;-2476;27288;-13193;-2252;-14406
-5380;-1092;13852;15153;8079;10540
-880;3452;11644;-1065;-1928;11783
3764;-3012;28252;-14579;-4165;-14837
-5036;-3772;20724;14578;6004;-9497
-2344;3204;7256;8414;8539;13099
8440;5832;5444;-6765;-5;19153
8356;-4544;25696;-17820;-3320;-21450
-2532;-4536;27824;7506;4719;-13147
-4280;884;13696;11450;11429;12887
-1724;4892;8852;-1798;-818;16525
11064;636;16640;-13495;-8770;-8094
6692;-2936;30072;-4519;3455;-18949
-3828;-1200;10780;15436;10929;18164
2040;3296;7836;-4903;-3709;11690
9396;440;21552;-11641;-1988;-12439
-3824;-2180;18260;7886;13028;-3496
-3728;3656;10224;2942;-957;11284
9524;2972;14540;-16248;-1043;876
812;-4172;29776;-1718;2226;-19118
-6040;-404;14532;10649;12347;1253
6772;5180;3652;-3944;4034;21410
13420;4072;15224;-18329;-2695;-8048
2176;-4320;29504;1639;1699;-19317
-7756;-1116;13984;14669;10257;14040
10480;6996;7880;-6303;-2688;15574
9500;-1788;25116;-22023;-4273;-21204
-3064;-3376;25216;5983;8093;-11833
-2560;3604;5672;15034;10892;19284
4512;4796;9536;-17864;528;11061
11308;-2912;24692;-15908;911;-14522
-8224;-4748;18776;13696;13618;-2172
-2664;704;11120;14146;3533;30387
11064;5108;9664;-16466;-2480;4972
3968;-5476;30260;-3142;-3475;-25738
-3924;-284;15696;19374;9964;12253
2844;5224;5816;1761;-2173;20303
13488;-1976;18912;-24689;518;-15587
-1012;-3764;22372;6129;9061;-11518
-8132;1128;12444;14015;8101;18546
6532;2392;11252;-15988;-3040;2041
3944;-6836;26096;-14974;6673;-23502
-4120;-4328;20372;18652;12751;4448
-6988;3096;7732;5079;2200;22629
6520;-1064;19456;-18098;-7151;1207
-1852;-5992;29096;-2742;4747;-20111
-9020;-1840;15196;18366;11220;8781
2868;5992;4260;5832;-1180;21396
12956;584;10664;-21433;1762;-8012
-1056;-5936;28140;6473;9975;-18566
-7692;-1216;11160;16272;3981;30945
3256;6076;4804;-1666;-2221;19620
8452;-3512;18440;-19743;7112;-16721
-3168;-3752;24512;12600;11611;-8783
-7128;3364;4536;6058;7818;28864
-972;4592;10644;-6246;-5847;4950
11284;-5820;21344;-19563;9235;-25571
-9864;-816;15468;18356;12009;5844
-2696;3728;10616;10431;3336;21063
2676;6420;9996;-10662;-4495;560
6808;-6456;24008;-22177;-2398;-21652
-8004;-3116;22596;10663;11686;-1446
-4740;2268;7792;5473;7482;24444
3328;4820;7432;-6610;-5715;4067
7520;-4164;25164;-16522;-506;-20356
-6184;-5048;25608;14211;11326;-9430
-6600;3116;7296;11682;2514;11187
6452;5484;8516;-10726;-4293;4069
8516;1008;24580;-12393;-3234;-6050
-5144;-5500;22456;10306;8916;-10852
-3160;3660;4660;10510;1055;10637
7524;3716;12560;-12116;-7143;8694
6864;-2096;26900;-3990;2373;-5867
-3440;624;16168;13399;10018;219
-5576;4616;3568;3673;3718;7152
9200;-3992;24888;-19456;-6850;5283
5384;-4344;30976;-362;2642;-18122
-4376;280;14080;15576;9660;1243
424;6232;2932;-167;-3163;9686
13660;-2092;21476;-24379;-5053;-4054
2260;-4972;31660;5769;8237;-10169
-8824;2028;6416;13236;6674;6037
16240;4180;5412;-15404;933;14252
7516;-2872;25260;-8318;-247;-16966
-3992;-2884;20664;20557;12898;-2152
-5948;3136;7664;-1101;1331;15521
8524;-3436;21348;-23310;-3253;-6939
4740;-3088;29884;-1196;4678;-16368
-7104;316;14032;11601;10314;-392
-1436;6112;7648;4671;1326;11551
7168;3672;13312;-21005;-6305;-927
2556;-3880;30696;5021;5545;-13764
-10040;-1408;12216;9628;9586;13467
348;5468;14996;-778;2707;13323
2808;144;16696;-12476;-2921;1504
4144;-5624;29324;-11854;274;-19094
-6660;-2940;15664;17613;9567;7018
10408;7024;1044;-4369;1936;8833
8468;-4136;25576;-13753;172;-16053
-3628;-6240;25996;9223;8190;-11359
-1552;2164;9200;13825;8772;19247
8056;3132;9640;-11475;2291;18866
8792;-1560;25924;-6785;3014;-10143
-9168;-3052;19432;15216;8526;-6142
-5844;2588;12320;5511;-721;10560
5304;2176;19032;-11740;-4084;83
1916;-1048;29476;-4236;-2615;-12976
-10908;-2136;15224;17804;6752;10296
4780;5292;8640;-6437;-5277;3846
3288;-3892;26444;-15504;586;-15440
-2716;-4040;25640;13466;5463;-10154
-3376;1956;10060;7368;8824;8441
7592;6612;4576;-5921;3014;14082
12728;1660;14860;-17747;914;-6116
-708;-7748;32767;-535;463;-19672
-9336;-876;12552;20950;9887;5695
8012;6456;4984;1125;-1111;20325
13732;-1000;11116;-32039;-243;-19361
-648;-3568;29032;9023;7348;-16758
-7160;256;11052;15280;15803;21956
-7000;3176;10612;-1539;-10275;17377
5348;-4876;26100;-23589;8108;-23958
-7492;-3108;24048;11535;12823;-13672
-11800;2120;13516;10589;-2810;14202
-3724;4264;12120;-8448;-5722;8422
1584;-3056;20356;-20974;-3420;-4632
5444;-2928;26728;4341;-372;-10652
-10772;-908;16124;16226;6572;3382
-2388;944;10632;1320;-8608;16046
10140;704;16480;-21843;-1639;-7082
3400;-2520;24284;5379;2648;-12705
-2620;1264;13628;12954;6009;1149
-4420;1532;10260;1134;1674;13821
9120;-308;23496;-13030;-5708;-2781
-1224;-2268;27340;283;2267;-14928
-6652;-268;11460;11822;6602;896
1564;2860;11356;-1839;468;13441
9776;4128;21532;-11102;-2863;-9119
-9832;-3352;25548;10110;6866;-4141
-1916;3424;9780;3310;981;9862
5768;2316;15228;-14703;-785;-406
-1864;-1016;26788;-4832;-1380;-14236
-8964;-1744;13604;14572;5877;9380
6720;2764;12948;-6113;-5497;4344
320;-180;31448;-8928;491;-14053
-5816;-1468;17720;9201;7764;-458
3960;4152;8408;2063;2392;11951
9300;3472;18688;-11994;-3405;342
-1128;-2376;29696;-4004;13;-15362
-8168;-60;12824;12555;8564;421
5324;5164;3792;-3646;772;10565
8960;1996;12932;-14339;-4372;3918
-4784;-4224;29860;-1446;1916;-18150
-6256;-608;16872;13026;10674;3415
1420;3252;8612;5554;2061;22671
6648;3008;14096;-15247;-4999;-5220
4564;-612;28304;483;1975;-16031
-6832;200;11680;15217;11672;6039
-6060;2584;9600;1678;-461;16710
8112;3804;13220;-13709;-6288;-835
4772;-3220;28016;-8251;2823;-17902
-4832;-1440;16668;17828;9684;1836
-1360;-404;11032;-1742;7724;25053
18532;3204;13400;-22233;-4294;-12601
-556;-2092;25804;6789;6463;-11478
-7960;-2012;11940;9385;12882;17286
9756;4656;8420;-10992;-214;5819
7424;4352;19908;-15077;-3732;-7660
-1216;-3224;23184;8721;3935;-25617
-5452;-680;14832;9867;5038;24164
2064;3496;15264;-4630;-7515;7132
8764;-1420;25092;-21802;-1387;-25471
-2672;-3340;22832;12075;9758;-12251
-1096;2944;1268;14315;3551;15736
1880;5140;12736;-7642;-3337;4852
5120;-740;25428;-7349;-1441;-22525
-6024;-1564;14512;14931;9604;6365
2320;3272;3772;2982;296;14063
13096;6040;16996;-11846;-3268;-2822
-484;-2304;23720;8948;5996;-8240
236;2944;3616;11306;9749;21266
2116;3536;10476;-7805;-1692;10176
10572;-2172;24204;-19523;-2679;-25025
3540;-5296;29228;11021;4538;-21037
-5432;1680;8936;11295;12812;20683
14740;7140;4700;-12461;2350;10407
10220;-4272;28348;-17927;-4944;-20531
4084;-2452;23468;8808;7663;-9941
-7172;1604;9472;15622;8868;20165
8552;6128;7664;-8624;277;9806
10132;-2228;23596;-20090;-4457;-19469
-1448;-3704;28720;9168;7942;-12954
2792;236;2704;11803;14532;27393
12288;2816;8736;-15759;-3215;10112
7144;-5992;29916;-11054;-914;-25051
-7988;-3884;15724;21732;13971;7727
-2480;1556;9092;4349;984;20760
7380;-1244;19024;-29989;-2471;-13582
3560;-4940;27816;9477;6947;-19085
-7264;416;13204;12932;9416;15915
5264;3120;8432;-9450;159;9928
11592;-872;23144;-20636;-5554;-22663
-1472;-4624;27048;11611;10412;-5072
-744;1284;7472;10412;14505;26013
12936;5932;6612;-19473;-906;441
6980;-4524;29864;-11184;-4526;-20291
-2992;-2912;20488;16548;13517;437
4072;5800;5012;2550;9025;14343
22388;4932;10244;-27486;-4378;-8396
-884;-4340;29448;-1517;388;-17140
-9156;-3456;17752;21200;12204;8168
664;3968;9116;-1153;685;13756
4328;-3144;19644;-31297;-774;-17323
448;-6916;29864;788;3280;-19995
-6596;-2440;16532;21417;12002;11996
11836;8112;1116;5688;10675;22740
13540;5640;13316;-20835;-5278;-4073
1980;-3680;28536;-3381;4912;-12793
-4356;-396;15988;17881;6099;1023
1268;5944;8712;6526;-2609;9850
6780;5132;13876;-7574;-5020;-1547
-464;680;28440;862;3328;-7015
-2136;2964;15104;10765;2698;3447
11020;5496;288;-5201;-422;13281
13824;-4136;29760;-15476;-2469;-5541
-2176;-4220;23404;14533;9014;-11809
-6840;572;14040;11503;6999;7300
8388;2168;13500;-16621;-3144;11881
7760;-2196;29040;-9302;2352;-15538
-2984;-688;16364;13462;10353;-6347
640;4816;8040;9876;4812;14246
3960;5076;11716;-12807;-1859;6757
5864;-3004;25328;-20131;-1472;-17334
2668;-3880;19204;17737;11407;5302
2032;5248;936;5636;1014;11777
8784;4880;15192;-9731;-3364;-1712
3248;-188;28360;-623;2985;-4768
-1388;2232;15384;10472;5736;2738
5668;4000;10656;-8493;-1390;6107
6644;-5644;27316;-16395;-1065;-5749
-7844;-4460;24672;15935;10913;-3392
4388;4736;4548;1762;7295;16541
11348;1872;12620;-16286;-938;3643
1084;-4008;26724;-380;5160;-11790
-2712;1924;11972;17809;472;3118
416;720;14696;-5966;-1520;18998
2852;-3240;26488;-17136;4489;-14519
-5256;-2768;24500;17230;8320;-9351
1792;4120;7360;6330;5682;16780
8584;2216;14036;-20318;-745;809
6240;-1748;28744;-1246;1054;-20828
-7052;-480;12016;20207;8826;10662
2588;2420;11944;-4766;-4835;13305
5196;-1828;32152;-12282;-7849;-17387
-6748;-2436;23564;13945;8335;-7506
-4436;3652;9360;4016;-223;11363
2516;-1164;17176;-19973;-922;1326
1672;-3080;27976;-5041;-3418;-16011
1284;-432;18940;9366;4062;-11859
72;2108;13856;10022;7752;8475
3996;4008;10176;-1756;744;21209
13812;640;16792;-23768;-5508;-12911
-3488;-4168;26200;10578;10148;-2586
-3016;3320;7888;11322;5356;10569
9708;4616;10492;-12435;-5089;6022
2932;-3672;27100;-8124;327;-21972
-5304;-524;18388;12534;8318;-1673
-1996;4308;5492;-1735;5183;10003
7412;3136;14932;-8122;-2036;7916
-2680;-5360;29428;-13633;-4416;-20519
-2648;-3220;24636;11543;6333;-8698
-1484;768;10552;12259;7954;20785
6064;4924;8976;-9435;-1730;5987
8900;-204;21676;-11811;-1483;-20849
-5152;-3460;24340;13934;7835;-4995
-5724;2364;8580;6810;119;3660
7456;4396;12400;-13890;-3455;3874
8668;632;24232;-4477;1450;-5277
-3256;-336;19460;12935;4517;-8020
-3532;4152;13132;2208;7898;7836
5120;3192;11088;-19185;-3358;8712
7816;228;23552;-5443;-1450;-13275
-1148;-2784;19764;10218;9856;-3746
-160;3728;4784;7346;10191;17554
17044;3860;7480;-25230;-8989;-1070
8540;-3188;28896;-5241;3705;-16600
-7988;-1444;12444;20287;12157;6566
5916;2036;6064;-9799;-9096;13028
13312;-1644;26600;-12055;548;-24460
-8;-1524;18368;15511;10436;707
5260;2308;5288;-2607;7861;23613
17168;3268;15988;-23314;-6667;-18068
2468;-4624;25004;10376;10518;-16046
-1752;384;7148;13049;13831;21282
5892;3020;11736;-9726;-7766;12517
12780;1052;22272;-11325;-1439;-17129
-1688;-2608;19980;14147;7062;-4378
1064;3236;8976;2127;4987;15017
11100;2480;12592;-19286;-3820;-3081
4036;-3756;28312;3687;4935;-17477
-3412;-236;12636;18222;8996;10359
160;3952;13156;-2863;852;12582
7176;2476;16740;-13657;-5582;927
5776;-3920;24108;4431;4771;-18635
-6772;104;15400;16913;8614;4112
-2828;1732;15800;-6316;4018;17823
4368;-528;18500;-13244;-7096;-1735
2744;-5456;31388;-3187;595;-24340
-7148;56;11500;8707;14956;6719
11172;7472;2084;-3414;8623;12957
13956;2176;12512;-23022;-5191;-5078
-3024;-7256;27712;7915;4798;-22197
-6240;-160;12768;11663;10137;19740
6364;692;15964;-18849;-7076;1370
8300;-2672;25972;7660;4424;-19190
-8156;-216;12508;12951;12487;18089
1868;1836;11772;-12649;-1072;6809
10420;-3880;27316;-7976;-3708;-13460
-9052;-3216;19164;18096;11697;5109
-1480;2416;15944;295;568;8333
5572;752;15272;-14457;-5785;1262
8528;-2544;28220;-7621;-2402;-17801
-1924;-1364;12776;18291;13006;-940
-3968;2648;11756;-2550;2510;11746
3620;-252;16776;-14403;-4238;239
11596;1116;17348;-9804;-6022;-22618
3804;-3664;18988;17645;13417;2772
1484;5268;6764;9818;9200;15038
18956;5452;8276;-23318;-4211;-7667
3144;-5972;28980;-6172;-860;-14493
-864;-4704;17868;17328;11335;8790
-3104;1904;11076;709;-4033;14855
10312;-2284;21712;-23141;-4432;-17438
-4964;-4644;23248;15633;15885;-9859
4232;440;7700;-2103;4541;32055
11276;4236;11088;-12488;-2042;-4795
604;-2472;22900;1542;5230;-10673
-7116;-960;13556;12551;7497;5987
-636;3044;14492;-3302;-3655;5330
6876;-1956;25792;-12864;-8218;-5524
2232;-852;26768;8;1048;-13519
-6244;-2640;19104;13870;8283;5767
1820;3212;5764;-1073;-502;10505
15848;376;17452;-21010;-2199;-3857
4012;-652;21520;8524;3199;-4677
-7240;-992;15040;8451;2318;2644
16376;2868;5068;693;122;14294
7360;424;24156;-12673;-1511;-7029
-2116;-1908;21308;12236;7291;-5328
-3000;1796;7252;5743;1975;11566
7932;2360;16404;-14253;-2281;-1398
100;-3096;29292;685;902;-10043
-4856;520;9580;16912;1718;5519
2200;1168;10548;-11840;572;6604
5156;-1672;27412;-15846;-348;-9964
-4116;-2016;21288;13057;6211;-3209
6816;4108;3492;-943;646;8627
8908;432;20980;-8570;-1988;-1602
1220;-672;20120;-1972;1494;-2531
2416;848;15340;1723;-50;-2345
1604;-332;18444;188;60;-3907
1848;4;18088;-1643;113;-1147
2436;-264;16372;-317;1201;835
3232;-400;17212;1125;362;-196
1820;-488;16312;1220;-174;-40
2320;1188;16648;2703;550;836
696;-352;18752;1116;638;880
1528;172;17144;-554;-100;315
2208;792;17560;262;-596;-448
2368;1328;16520;-280;-1753;965
1696;1164;15788;783;636;-825
1964;-220;17632;-293;1100;-10
2696;392;16892;-1057;396;-727
3544;-236;18156;-724;542;443
2468;88;16768;70;427;-773
2956;848;16488;-146;37;-411
2384;104;17612;557;-521;-392
3064;904;16436;-89;109;-271
3040;172;17768;176;-284;-475
3308;548;16496;68;227;-543
2428;116;17420;-615;1005;-283
2916;200;17932;-4;354;-273
2400;136;17440;231;199;656
2996;176;17964;-698;1363;237
2628;208;16452;-268;-211;115
3828;240;18100;410;-195;39
2988;32;16940;445;799;313
2284;424;17932;3185;-1324;711
3760;1096;16764;-1565;598;-562
2748;308;21568;5757;1302;862
1028;1924;19100;1013;1319;669
2148;1144;25840;-3215;4970;-10
2204;4224;16524;570;3370;1504
1488;2852;17684;1720;-266;1751
2016;4928;15552;1454;-1794;2969
3488;688;17196;1969;-1900;1568
1940;2828;16660;94;-986;1061
3848;3788;15560;2184;-1235;904
3712;3584;16780;-1101;2539;570
3348;3060;17000;-14;-313;-736
2704;2896;16668;-1169;1887;-862
2316;2756;17224;384;-694;100
4096;3780;15436;-313;671;-1647
2068;2828;17044;283;273;-1499
2160;2592;17052;923;127;1784
2260;3104;17144;395;1031;-625
2180;3148;17588;-115;583;-641
2592;3484;16416;281;265;-11
2148;3144;18024;-526;719;369
2296;3016;16932;349;-672;-151
2092;3340;16868;-258;824;-249
2104;2720;17604;-348;617;-156
1668;2712;17408;609;62;-5
2392;3344;16424;621;62;-95
2228;3260;17064;-253;676;-276
1868;3064;17404;-4;401;9
2300;3368;17040;190;105;18
1472;3000;17468;-966;1142;-577
2072;2984;16916;557;42;200
2048;3320;16900;392;90;128
1912;3256;17144;-149;426;-368
1804;3132;17304;127;19;-178
1868;3388;17080;15;263;-146
1720;3340;16896;139;291;-10
1720;3220;16896;117;266;-140
1500;3064;17568;-38;217;-80
1748;3232;17408;-80;197;-141
1628;3272;16780;36;234;-18
1536;3224;17092;-6;378;-43
1712;3264;17160;-128;486;-49
1488;3072;17092;-126;339;-157
1488;3040;17352;76;35;4
2832;2728;16648;-4554;-2470;-162
2652;1344;17704;-841;698;-1240
4;rotate;sample start
2824;1856;15256;1345;-1201;-916
5216;592;19536;1425;-8853;855
9096;2584;13600;2437;-15125;1494
12896;3888;9248;3722;-6630;-1877
1928;1704;13856;-15109;30408;-1494
-3220;2612;17232;-1748;19800;-2073
-5824;272;19392;3493;-22397;191
12212;5052;10192;10574;-26016;-816
9240;4800;11544;-11287;32767;-1678
-4632;396;14996;-6152;32767;-5589
-9732;1068;18972;-912;-5615;-355
5500;312;15248;12111;-25058;2823
20516;6712;12140;-7064;20294;-6994
1052;1556;17276;-4690;27690;-9769
-8756;1944;13640;-2534;5817;-3427
-2856;-1004;15628;4671;-32768;10727
11792;4072;11060;8103;-15309;-2688
16432;7428;6260;-4581;19801;-1751
-1452;936;18580;-5376;32767;-4757
-9416;1664;18068;-2430;-6805;-621
4804;-32;21108;5160;-32768;7237
10540;5800;4936;7057;-23252;414
7908;4480;12004;-4584;32767;-3960
-10440;3020;13260;5136;18594;-2122
-12508;1744;15336;48;-32768;389
11044;4128;10472;15930;-31465;-675
10164;6340;12012;-4467;32767;-7207
-13396;5340;10596;1522;15083;-2432
-3976;4492;8712;-3357;-32768;8877
6724;5048;14424;7771;-24888;-652
6060;6068;6040;-5469;30523;-10608
-6784;-2016;9340;-22403;25056;-20097
-14440;-3164;15072;1091;-15228;2586
7284;1676;14320;12706;-29677;-2891
12240;1644;13580;-4945;13607;6317
7696;-528;14528;-7229;32767;-3944
-9456;-4432;17768;-5463;7838;-3287
568;-5028;18372;8798;-32768;2672
15588;-3992;19208;8378;-15705;4279
9696;-2500;14020;-4098;23645;6102
-5716;-6096;16676;1731;15376;-4678
-5884;-5176;15684;4053;-32685;7200
9124;508;11600;14022;-28082;-1522
14852;1480;9912;-3003;13538;3969
-1604;-1264;19220;3165;32767;-2220
-12800;624;13420;357;-16752;3476
6476;3312;14608;9638;-25475;1885
17756;8288;7532;1989;-3818;-192
5604;4316;17588;-3250;28909;-5538
-9324;3128;16084;1012;12176;-3652
-6080;1836;14408;3224;-32768;5666
9364;2184;13096;3793;-20606;-3091
14228;5560;10640;-2818;29510;-6149
-1904;1028;17320;-4537;32767;-8106
-12844;1716;13340;1250;-16478;541
7104;1004;14856;9809;-26118;7169
13312;3012;12680;297;6161;1971
-972;820;17924;-3459;32767;-144
-13316;3324;10168;2188;-3607;-2976
-9984;756;14984;3659;-32768;3980
8388;5756;12484;7944;-18547;-3464
-1504;2944;14328;-15995;32767;-3890
-7732;1736;13892;1947;9178;267
-13188;-92;15776;5437;-32768;-96
6600;2084;14868;5056;-20283;4018
14980;4828;11696;-886;-3137;-4632
-8168;812;13160;-10238;30283;835
-12052;872;12056;777;8599;1495
-1124;544;17552;8271;-32768;-478
9116;4788;12164;5529;-17151;4880
6232;4380;12040;-9343;32767;-4606
-10800;-3768;20160;-2953;10219;-2578
-8780;-440;13412;8214;-32278;3730
4700;1792;15600;8631;-23809;3231
12108;3924;13588;2527;-1387;-658
-620;260;17636;-11284;32767;6946
-11420;-548;15124;1200;6980;-38
-4980;1492;14628;5641;-32768;743
6444;4828;14108;10867;-19693;-2915
5040;4288;14208;-12009;27401;-1264
-3104;-416;18320;-8864;19750;-3557
-7360;-1328;16832;3697;-2390;487
-3728;2688;16192;7307;-10426;3280
10744;3024;21000;-1763;-466;1387
3348;1416;19528;-10867;20347;-5381
-4556;-88;17348;-4126;7012;-2144
2316;2696;14728;7455;-17225;-1459
4612;4548;13656;4958;-2501;-1119
2760;5164;14396;-678;4376;1290
-900;48;23876;-6102;11584;-7911
-5264;-804;18724;3278;-4276;-1766
-3112;408;16860;4418;-966;2113
-6160;10904;11664;9458;-26840;7957
8976;5092;12852;4488;-8194;84
3720;1212;19332;-11813;31956;-6394
-10844;-224;14388;-780;23508;12103
-12976;2848;14292;-951;-19538;2791
8696;4100;12028;3514;-22322;1339
14832;5736;12484;-4895;18102;619
320;2584;20612;556;26518;-4827
-11928;2904;12912;1896;-7827;-998
3372;2200;17732;5265;-30853;2321
13456;4984;13092;-2088;678;-2294
-3460;1060;19700;-6262;27249;-8307
-6764;2816;9456;243;-4147;4561
1080;-368;20644;469;-32768;5456
11140;5300;4696;10989;-32768;4960
10392;4124;10724;-1177;26407;-2977
-4224;1608;19132;947;25529;-8612
-15508;2556;12548;718;7426;-2433
-11196;3164;10844;2080;-32768;4370
7480;3472;12232;8187;-28802;1063
11672;4928;18724;-14029;32767;1386
-4244;324;13228;-6200;24759;-9564
-10416;48;17444;8679;-20732;2810
3028;2260;13224;7059;-22162;9643
12880;2792;13472;-1955;8646;2882
1692;2708;15224;-6399;32561;-5308
-9152;236;16968;1500;1198;-1931
2248;3356;14992;9528;-32768;8688
14540;5560;14460;6725;453;-7234
-196;5276;15760;-9294;22681;-7258
-6800;4468;14368;3299;16633;-3462
-7828;4128;11056;-5436;-32768;6351
11444;5132;10784;331;-23338;-3743
11400;5700;10352;-5162;28182;-2947
-6712;1652;12156;-3409;9414;-4576
-2264;-3572;18156;-6528;-32768;-3007
3488;-1944;16780;6957;-8971;1261
5280;-1228;20000;-2841;17608;-4163
-508;-2148;17296;1139;1199;-2787
5212;-1824;16660;11140;-30897;14419
9664;1944;11504;1839;2094;-429
10372;3948;12744;-6659;17465;-3202
-744;276;18464;-6912;12704;-9597
-256;8;19504;6505;-4928;4126
11612;5512;10732;6380;-10712;13173
14664;4308;10296;-5818;-8398;817
2848;2564;14116;-972;17508;-9128
-7384;4680;12912;2250;-11590;-1187
11488;4488;12048;4899;-28733;913
8420;2868;17492;-4413;32767;3861
-6284;1900;19044;5616;26049;157
-6032;3452;15028;1379;-32768;4474
17912;3600;21652;1079;-19840;-2714
4856;2628;13372;-6691;32448;-1032
-8616;2116;16536;-3471;10745;-7407
-76;-6392;25232;-3614;-32768;4152
9500;-200;16644;14025;-14545;-116
10408;1364;16944;5575;32767;-1602
-11492;544;17232;762;2471;-1020
-11476;4028;11404;8756;12721;2425
-10288;7240;8516;-954;-32768;3587
17536;5220;19968;-2161;-20348;7330
4872;-924;21296;-6939;32767;4092
-4960;3632;14840;1647;-98;809
8448;484;16376;-1509;-32768;-1755
15376;3228;10364;-1354;-10881;-2697
3272;-440;17468;-1946;32767;-4582
-12916;-232;14320;-2926;7499;-6479
4568;1044;10364;1561;-32768;14166
12112;2644;17980;909;6070;-3003
-7820;-1652;18056;-4397;20882;-1786
-6016;-472;16364;7467;-32768;7733
14328;4596;14240;-4111;-6162;-1175
-1640;1120;17320;-4824;32767;-1476
-9392;3056;15520;1252;2258;-1228
11624;5844;14292;-1211;-23296;2620
15092;8228;1540;9210;-20115;-2912
9900;6520;13424;-4724;29236;-4396
-7804;3668;15540;-430;10665;-3669
4864;3728;13948;-966;-28329;6512
17728;8984;-128;3045;-8294;-2945
7864;5588;13004;-5387;29837;-8829
-10676;4356;12076;2034;6110;-6126
-2220;2768;10280;535;-32768;11313
11476;5268;8524;-1047;-12878;-1471
4996;6000;15056;-6076;32767;-1822
-8884;1708;16780;-305;5432;-5567
10476;4444;15040;5352;-32768;11038
14712;7080;13960;-4903;23718;-1274
-2048;4648;17112;-3564;16025;-10841
-4872;3920;14244;2125;-9736;-173
-4128;4080;14428;1169;-13903;4248
3912;6796;16032;-2419;9965;451
-3236;384;18988;-2305;5248;-5442
-1904;1184;19672;5941;-8990;649
3016;3064;21604;4456;-3299;736
888;4612;15032;347;-7810;4458
13792;3448;20556;3303;-9676;4090
-8348;-360;17972;966;31023;387
-10840;2796;10760;-1236;-26777;9174
7552;1944;18372;6084;-20956;685
8464;3220;14688;-1897;32767;-429
-8264;148;18520;544;26459;-3167
-17528;1544;14668;-4701;-13547;1767
5736;2376;14772;15881;-32768;996
3216;348;19520;-8058;32767;7736
-6444;2304;15904;4360;14952;-3728
-2192;-1484;23192;2002;-32768;2615
13680;3748;13488;3660;-8510;-2130
-1800;836;16808;-808;27238;-10844
-10604;3496;13620;3813;-3989;5070
7140;4700;6244;10937;-32768;8687
15428;5204;14792;-9150;32767;-2621
-6472;164;17508;3314;21116;-9235
-14696;4584;9784;-1863;-23618;878
12800;6152;13592;11261;-32768;398
22864;7972;13616;-5526;31081;-5015
-9860;104;13012;4237;13626;-4845
-96;2496;15156;9116;-32768;6787
3432;3976;12468;-6537;32767;1969
-18220;784;12444;151;11976;251
-12632;2936;12096;3749;-32768;4176
2268;832;19936;4274;-20431;2730
6596;3840;11884;-14156;32767;-4284
-3564;3488;9576;2734;21685;-11281
-8132;3424;12380;7228;-27104;6150
12372;4896;12172;4683;-13513;2901
3004;3152;17048;-871;9230;-5310
948;4364;10328;-7140;18147;-10080
-14636;-1828;15832;8209;-17075;9338
9504;4900;14668;15547;-19481;9771
20684;7244;13160;-1315;5567;290
-3948;3840;12648;-2390;32767;-6714
-14624;4420;10704;1469;935;-1672
6496;2448;19720;4133;-32768;12501
22816;7628;12788;-3221;9609;-4053
-1784;1584;18020;-1187;32767;-9763
-16828;1336;14560;-2339;-5704;-2859
-120;1048;20724;4748;-11852;11534
12156;5008;16212;-1338;-3804;2545
-5312;3920;12724;-8929;32767;-11375
-15292;2736;9044;-3409;8233;-3849
-9652;1260;9888;2469;-32768;13901
15748;7016;12448;-4422;6497;1514
-2400;2596;15500;-2575;29479;-10200
-12680;4552;10668;-3740;5291;-6156
-9488;-1396;12120;7951;-32768;18399
10192;3496;16268;10578;-22957;1130
-1396;4208;13308;-9532;32767;-8606
-9700;5212;7508;-1593;2131;-4633
-8488;1612;18460;6680;-28927;2333
13804;7732;2664;5056;-22240;4821
8116;8188;13892;-3270;28080;-9177
-8640;3996;9640;6586;10034;-5084
-13788;5528;11736;4391;-19969;1608
7064;4416;10668;6611;-25745;9693
21400;9564;12532;-302;24949;-7152
508;3468;11988;-10456;28500;-17020
-13020;-1024;21140;-917;-6322;-1054
-1312;444;14316;13125;-30133;20257
16068;8252;11324;-5282;9622;-1402
-768;3524;13484;-10957;32581;-13435
-14344;948;16176;348;-6553;-3668
5284;1332;17868;10743;-32768;17498
13440;6076;15156;-2335;15124;-1741
116;4036;14576;-3431;31268;-6691
-15148;3692;13296;-796;-5292;-3686
5544;3080;10824;-3234;-28097;16295
17764;7720;10068;-1560;709;-2254
-1836;2916;18376;-4947;32767;-4667
-19100;2268;12936;727;-7920;-2461
3412;2616;16304;146;-32768;16219
17332;6660;15268;-2021;6313;-5678
-3116;3664;15632;-3349;26220;-6259
-18476;720;18292;1819;-8625;1486
5892;3824;12892;4242;-16824;10027
22284;9540;16948;-2730;22977;-6670
-4704;2340;16988;-4902;30258;-6468
-16112;2920;13676;-1580;-3000;-5419
-7352;1632;10780;8778;-32768;9761
11740;5564;6184;1575;-14564;5028
7760;6964;14472;-5432;32767;-2184
-13184;1104;9216;6045;15508;-8405
-11040;2188;12924;3101;-31652;7676
4764;2068;14436;-1273;-20680;3777
1516;4512;10456;-17989;32767;-8305
-10748;2256;8264;-4436;23492;-1417
-11076;2008;10576;483;6619;2438
-12672;-532;13904;1477;7115;201
-14312;1524;13700;-1168;-7775;-1345
2404;3076;8452;3610;-31223;6437
18044;9356;8432;-7444;11093;-1547
-4816;1752;14784;-4851;32767;-5994
-12540;3764;10544;679;948;-540
-10428;496;13076;12163;-32768;5837
13012;5808;15000;1885;-7627;1692
-9160;2000;14668;-13493;32767;90
-11584;3188;11688;-4608;2845;-4413
-5392;672;15464;11380;-32768;2569
10280;5288;11348;2886;-11610;2857
8920;7568;10960;-7073;32767;-3723
-11016;3780;5628;3470;7510;3721
-9596;2764;15028;8444;-29869;1672
5524;4380;11464;15624;-32155;-260
10460;4292;21164;-2492;32767;-4711
-13332;1736;12192;-2119;24810;-1457
-10072;1228;17836;8922;-31699;307
8800;4212;14964;10227;-32768;1071
7028;6064;15332;-7689;32767;-1842
-9780;1912;7500;9173;8353;-6409
-11756;3148;12496;6431;-17505;2971
1600;3552;8464;7375;-30050;20326
2376;6332;11528;-9516;31265;-14925
-8140;-364;13616;-6789;6454;-4821
-9808;-1188;17000;13546;-16260;6225
2704;3552;11816;20117;-25921;15710
5704;4148;17140;-12911;32767;-13194
-10816;-528;14224;-3046;13118;-5032
-12796;-1540;18016;13416;-23988;6625
5620;5348;16456;6325;-18435;5703
11672;7608;13052;-11681;25975;-7652
-5964;272;19496;-8190;21209;-5292
-1444;896;14328;12443;-32768;1302
11552;4364;12292;6051;-6374;1121
-2476;3880;13708;-5783;32767;-3218
-10920;2216;10176;1700;13727;3021
-20064;2160;16980;93;-16539;-2019
776;1316;16512;11330;-32768;13678
24272;11048;11736;1140;3198;-5768
-10212;-356;15120;-7721;15946;-15778
-13368;-532;22496;3710;-6853;2005
-6168;840;13804;16445;-32768;15718
12024;6896;16356;-9760;6386;-987
-6580;3276;14024;-8105;32767;-5328
-12380;2132;14280;-4759;1171;-3350
-5760;1916;11416;14067;-32768;10588
15896;9060;9236;944;-2033;5949
1640;6740;12844;-8767;30244;-9862
-11868;3380;11168;-3260;3107;-6453
-4732;3428;15220;9784;-27823;303
9328;6460;6828;7567;-18259;8375
1420;5608;18380;-6765;28266;-13777
-16432;624;12388;-4454;5471;-6200
-6104;3396;11968;9035;-28852;5976
1032;4460;12608;20593;-32290;-2059
4744;7128;14312;-11084;30195;-9947
-14032;1376;11552;-7066;9295;-7182
-6764;1000;15852;17662;-32768;6029
7768;4936;17356;18710;-31328;-3484
760;3020;23468;-19493;32767;-6090
-11236;268;12604;-6788;19726;-2378
-16084;1928;13616;2658;-15284;-686
8200;4888;6696;13922;-32768;-1191
6636;6104;7396;-18258;32767;-6237
-8664;-2208;18156;591;6517;-2252
-13108;-2132;23304;14733;-31842;-308
8636;3528;23404;16396;-26583;-2847
9672;6792;8928;-27773;32767;-6253
-10580;-124;17584;-12252;30272;-3742
-10216;-520;15732;930;2388;-740
-11680;540;8360;-2069;6844;5924
-8484;680;18232;4653;-32768;-1353
10632;6908;612;9773;-16209;5366
12188;8560;1856;10778;-21952;-494
1012;5176;12284;-13320;32767;-3890
-13904;2008;15936;-2063;4131;-449
3384;1620;22556;7447;-32768;4638
10496;6968;4188;9703;-20392;2272
20900;9972;7120;-14417;32767;-5587
-11708;1600;15452;1942;15068;-2479
-17796;3468;13468;2486;-13293;2438
5844;1264;21728;11347;-32768;-253
8800;6128;8968;5852;-8487;5306
5008;5664;10756;-19981;32767;1865
-10964;6120;5808;3147;16391;-3038
-6140;1632;18720;-1075;-31576;-1900
9152;6016;10996;14923;-26646;-8365
13488;9512;11112;-7923;7468;-2750
-5136;-720;22044;-905;-4882;-739
-7008;1624;13972;4192;-16430;-150
232;1724;12144;17440;-26623;-2050
17324;4088;16984;-2342;-542;11589
5720;1632;16520;341;21710;-10094
-7744;900;13684;-3500;15519;-8621
-6760;816;15812;10887;-28526;-2940
1092;2656;13164;9318;-28140;13259
14516;5696;11736;-4604;5180;3882
7296;1304;17668;9210;-12510;-3805
8872;2256;12004;-1306;14646;8644
-768;1736;19096;-1378;32767;-870
-13424;2636;9220;4790;18520;1913
-17284;5796;7904;-557;-28285;-4767
1100;1460;15228;726;-22099;4135
14336;7240;11744;1093;-6598;1959
-4716;200;15896;-6996;32767;-5405
-12224;2908;12176;105;14004;-2814
-13280;1144;13132;2531;-32768;-3517
8004;1596;27352;9206;-31788;2555
11388;5364;5896;-15639;32767;-4536
-3284;332;15976;-5151;32767;-4762
-15500;3520;12772;-911;-15374;-4859
2640;-252;17084;10490;-30082;2843
13124;5596;9368;-2497;16469;7308
-5552;116;15704;-7845;30803;-2833
-16884;-204;11036;-1793;3960;-9005
564;24;15260;2907;-28204;8454
11076;3804;8492;2544;-12322;-602
8088;3052;8088;-14713;32767;-11263
-12448;-3000;12060;-1266;11724;-6646
-6324;-2204;14456;15697;-32768;2703
10548;4644;2000;18065;-25214;203
21220;8048;7840;-6278;32767;-3953
-5272;-284;13168;-5525;32767;-6435
-17100;-1924;20600;5272;-15863;-876
-2672;-96;13796;-133;-12617;9614
10892;6040;6324;3910;-9408;-3333
-3320;-48;16620;-2435;32767;-9579
-10712;3520;11684;-1780;-3520;-898
-8816;904;16964;9896;-32768;66
15668;3472;24072;4674;-14553;998
2000;316;22328;-4182;32767;4098
-11496;3572;13576;1997;4022;-585
-4992;3348;12868;4927;-32768;3533
4420;3512;17392;1376;-1472;2735
5680;3316;15300;-6117;15136;-657
sample end
-1376;1872;17272;-2429;3141;-3392
-612;292;17308;-4056;8532;-4983
-716;348;15716;-499;-888;-1825
-852;-952;19328;615;-4431;2158
92;-704;17960;152;-963;1334
2412;836;16636;-799;-2620;3317
4352;1320;16552;770;-2483;3698
5572;1364;16464;-1081;2831;9
2956;84;17516;-300;1035;-1181
1736;-572;18100;-146;849;-252
5068;272;14300;-883;-4640;-1162
1144;1188;16024;3514;-4158;-780
3280;1104;12896;-863;-9600;1717
7660;780;20480;-5678;3446;470
1732;1372;14696;-885;-4325;2035
3716;524;15596;198;2791;-886
6308;388;16164;47;2076;100
4912;56;17072;11;1696;-243
1360;104;14112;265;14458;1418
-96;280;17408;16;259;-53
-116;260;17416;63;224;-29
-104;248;17484;43;215;-35
-92;188;17452;47;209;-39
-92;312;17516;4;231;-23
-24;360;17328;48;262;-7
-108;204;17424;55;234;-36
-96;232;17412;60;259;-43
-40;268;17356;55;256;-45
-52;192;17320;56;256;-48
-76;280;17404;36;232;-37
-100;276;17416;40;242;-37
-60;256;17416;62;241;-21
-104;268;17400;16;271;-62
-112;324;17376;41;249;-27
-60;304;17524;67;214;-42
