-2956;300;17152;58;212;-19
-2984;364;17172;78;227;-38
-3016;324;17276;61;224;-31
-3028;320;17148;51;259;-44
-2964;332;17232;77;225;-46
-3100;276;17180;82;233;-23
-2956;312;17124;85;276;-39
-2920;304;17076;77;228;-65
-2952;328;17176;79;254;-42
-3084;328;17124;69;217;-23
-2976;300;17120;79;202;-24
-2972;352;17072;79;241;-62
-2960;320;17036;49;250;-29
-3000;328;17232;58;225;-20
-2996;320;17204;77;198;-41
-3048;292;17132;61;235;-45
-2920;308;17072;68;233;-37
-3100;344;17064;72;259;-29
-2960;352;17212;43;238;-33
-3048;308;17072;41;264;-26
-2916;288;17148;40;244;-42
-3036;320;17032;52;217;-47
-3012;376;17212;67;234;-23
-3020;288;17108;90;232;-65
-3024;320;17152;76;229;-46
-3016;276;17124;65;245;-29
-3028;320;17196;62;215;-40
-3000;304;17088;81;241;-62
-3056;324;17152;65;258;-27
-3056;348;17064;75;229;-81
-3004;272;17076;52;243;-27
-2996;320;17148;70;263;-74
-2980;332;17188;66;258;-36
-2988;316;17088;72;249;-54
-3068;320;17124;80;232;-7
-3052;364;17104;54;242;-69
-3032;372;17104;62;237;-23
-2984;284;17020;63;284;-36
-2984;292;17052;65;258;-43
-2968;312;17228;63;224;-42
-3056;300;17136;80;240;-55
-2996;320;17092;52;258;-32
-3012;312;17128;82;266;-18
-3064;252;17020;58;231;-34
-2952;352;17156;67;201;-40
-2992;312;17164;91;248;-55
-3028;368;17148;83;254;-52
-2920;332;17080;52;243;-25
-3004;336;17088;40;225;-43
-2976;260;17136;63;247;-27
-3024;324;17144;66;235;-50
-3016;344;17152;57;239;-73
-2964;304;17184;56;238;-38
-2944;336;17160;58;230;-67
-3008;292;17224;52;221;-43
-2980;324;17132;86;210;-9
-3088;308;17164;76;227;-29
-2944;264;17060;78;214;-57
-2924;296;17044;70;262;-19
-3028;316;17228;60;260;-15
-3040;252;17100;57;201;-52
-2976;268;17088;43;250;-61
-3044;348;17116;53;261;-37
-2936;296;17220;70;261;-47
-3024;280;17180;80;233;-34
-3028;268;17100;52;251;-31
-3044;356;17128;48;275;-11
-2972;320;17108;63;250;-38
-3036;348;17120;72;243;-75
-3004;276;17172;70;250;-25
-3028;376;17156;41;265;-26
-3036;328;17068;73;260;-58
-2944;308;17168;49;272;-53
-2980;308;17100;40;242;-48
-3020;336;17120;62;224;-74
-3020;224;17100;46;244;-20
-2972;336;17100;68;246;-42
-3012;260;17092;72;249;-35
-3068;340;17128;75;219;-59
-2976;280;17112;48;221;-53
-2988;332;17104;57;218;-19
-2992;316;17056;79;274;-35
-3032;364;17148;77;247;-77
-2972;284;17056;53;262;-62
-3120;328;17140;57;214;-49
-3024;372;17024;80;249;-55
-3024;280;17104;84;237;-21
-3012;292;17164;93;212;-49
-3028;308;17192;47;227;-17
-3020;320;16996;48;227;-35
-3012;268;17124;81;222;-15
-3056;332;17128;62;236;-71
-2988;388;17036;66;225;-23
-3024;360;16976;78;226;-57
-3004;308;17108;65;224;-70
-3016;364;17124;62;253;-51
-2964;344;17084;62;255;-50
-2952;344;17032;82;229;-62
-3000;292;17196;79;238;-59
-3040;244;17120;78;245;-50
-2984;296;17152;63;264;-78
-3064;324;17068;33;238;-36
-2992;360;17124;68;244;-23
-2960;384;17068;65;230;-42
-2960;328;17064;79;219;-19
-3044;360;17092;48;239;-54
-2904;388;16932;26;246;-64
-3000;348;17136;59;282;-66
-2984;356;17216;65;225;-44
-3004;372;17172;93;232;-33
-3024;336;17052;82;232;-40
-3072;248;17164;65;242;-55
-2984;268;16992;63;266;-20
-2976;320;17004;97;285;-44
-2984;308;17180;57;237;-21
-3012;372;16976;40;252;-26
-3044;364;17084;66;245;-34
-3072;360;17188;66;248;-67
-3040;244;17284;59;239;-72
-3064;280;17164;101;257;-19
-2944;316;17124;68;234;-32
-3088;332;17048;64;279;-18
-2972;412;17068;59;221;-14
-2968;396;17132;57;209;-64
-2988;328;17172;33;249;-49
-3048;352;17132;52;278;-36
-3020;320;17148;63;248;-39
-3076;292;17040;58;237;-44
-2972;324;17104;62;256;-57
-2904;248;17228;95;269;-54
-2928;280;17176;57;234;-66
-3004;368;17148;57;215;-66
-3036;312;17180;57;213;-38
-3044;312;17184;52;289;-23
-3016;232;17228;47;218;-53
-3000;308;17176;50;272;-36
-3000;420;16984;42;267;-45
-2916;352;17152;84;238;-55
-3084;344;16968;63;265;-76
-3024;292;17156;59;253;-16
-2944;328;16872;72;262;-14
-2880;376;16956;25;268;-43
-3088;356;17072;13;183;-74
-2968;328;17088;20;239;-14
-3028;444;17104;30;210;-23
-3028;424;17064;46;252;-42
-3000;288;17204;91;238;-25
-3028;268;17216;86;262;-44
-3096;272;17168;69;237;-43
-2992;340;17032;36;227;-59
-3020;320;17128;99;256;-47
-3020;404;17108;97;244;-44
-3012;348;17196;67;258;-62
-2944;320;17144;54;262;-17
-3088;240;16988;86;204;-8
-2996;256;17148;61;228;-43
-3000;304;17160;64;232;-52
-3060;264;17160;34;206;-26
-3012;292;17076;73;252;-53
-3020;288;17112;91;232;-33
-2920;368;17132;65;238;-39
-2992;332;17056;66;267;-63
-3040;352;17092;80;221;-49
-2896;340;17212;44;259;-26
-3044;356;17188;66;249;-47
-2932;320;17180;35;217;-62
-3092;376;17240;69;243;-67
-2996;308;17144;49;217;-31
-3044;348;17012;72;213;-8
-2944;216;17036;59;210;-17
-3012;316;17168;61;216;-39
-2972;276;17188;91;256;-22
-3048;336;17092;65;259;-44
-2980;288;17128;64;239;-47
-3036;360;17204;56;255;-42
-2368;124;16284;-453;2171;-466
-3060;272;17116;68;176;-64
-2992;324;17072;51;286;-38
-3200;724;17016;112;-1129;1845
-3984;-104;19592;111;233;-38
-3060;568;17028;586;-569;-1067
-8536;-132;17844;-640;70;4124
-4560;284;19636;-516;2692;2575
-3328;52;16764;-3004;-1186;-513
-5000;-1628;14276;-322;2638;6705
-4540;64;16812;-1422;-174;3698
-696;732;15620;489;-10488;1176
6312;-1272;17392;6705;-2432;-1864
-2096;1564;18952;4791;920;-1781
-224;1060;19464;5243;2087;-1105
-148;1964;18456;-11050;-2569;3433
-1984;888;14560;2458;3149;3787
-2640;1792;15232;5552;-6406;149
-2300;2928;19824;-2528;-4439;1778
2276;1716;22440;262;3031;3075
-3816;2296;19336;3387;3063;3133
-1268;3072;15416;-2083;1353;455
-2008;3852;15940;4663;1989;442
-2560;3748;18092;4601;-2372;-409
-2252;4696;14396;-2624;1490;484
-112;3504;16140;-2150;4383;598
-496;4132;17316;1104;170;-2022
-748;4300;18508;-244;-1128;-1303
-1084;4920;14592;2592;-3171;870
-1004;4628;16968;525;-638;159
216;4820;16640;-63;185;399
1044;5916;19044;1921;-464;-896
484;5492;16628;657;-2287;402
-396;4980;16316;525;-376;157
-856;4908;16120;157;269;48
-696;4988;17048;-473;-67;428
-476;4904;16248;-1140;679;466
880;5268;16136;-730;1713;54
20;4684;17060;-1150;427;-916
1268;5264;15680;-5;-396;-265
-748;4544;16900;-430;-400;-978
-1720;3776;18256;405;-526;-582
-976;3952;16636;703;-1020;-409
-228;3544;17888;244;-1937;596
396;4268;16072;225;-1515;495
516;4596;16416;-86;3;209
1612;4600;15932;-999;513;11
916;3876;17108;-1182;742;-1031
1232;3896;17752;-683;2282;-704
144;4288;17716;-236;-326;-309
1060;4504;16688;765;-1022;-216
1468;4544;16404;591;-1016;-519
1924;4208;16476;91;-1020;-630
1872;4168;17192;-650;3;309
1812;4356;17240;426;-245;150
2512;4392;16760;6;-3;-83
1872;4112;16828;-63;636;-217
2512;4468;16320;193;427;-103
1988;4460;16180;-95;342;-352
1812;4368;17088;-64;285;-417
1888;4272;16964;311;-191;-438
1836;4276;16640;242;-172;-203
1984;4200;17248;-190;40;-52
2092;4432;16768;195;554;-8
1992;4432;16648;364;279;-215
1968;4380;16280;-97;381;-111
1872;4220;17200;-50;425;-62
1996;4476;17064;122;190;-24
1992;4480;16660;246;312;-8
1740;4360;16944;150;291;-46
1908;4400;16592;-4;380;-170
1868;4336;16740;21;243;-267
1752;4264;16988;293;242;-167
1772;4528;16668;134;428;-120
1616;4372;17104;131;469;-271
1868;4436;16864;33;375;-17
1672;4484;16644;129;266;-303
1568;4404;16812;152;423;-42
1692;4436;16596;-18;364;-34
1504;4412;16888;-54;283;65
1548;4460;16904;-59;354;-179
1488;4388;17288;105;451;-84
1556;4500;16828;183;380;-56
1696;4484;16724;0;420;-62
1644;4476;16868;69;318;95
1572;4504;16744;-80;406;50
1596;4596;16540;28;242;-14
1476;4396;16820;67;335;-95
1620;4392;17296;237;94;-153
1300;4552;16848;631;488;-99
1268;4600;16500;201;154;44
1500;4508;16872;-40;252;-7
1568;4668;16700;273;185;-129
1;wave;sample start
1368;4676;16492;312;-25;24
1260;4624;17008;-96;337;-136
1236;4824;16336;9;172;90
980;4536;16844;51;469;159
1520;4756;16540;333;226;172
1916;4988;16148;516;201;-66
1376;4872;17188;572;-296;-208
2144;5184;16284;1028;-307;8
1740;5524;16188;1784;-1719;-361
1508;5640;16508;417;-616;-325
2296;5716;16244;856;127;-10
2944;6368;17480;2157;-910;123
2304;7536;18492;6890;-313;1232
1140;8432;17996;8880;-1647;1683
1992;9276;13672;9909;-932;4115
2624;11284;12004;6198;1594;4498
5740;10336;11972;8503;-1069;5455
9096;11888;8716;5336;1744;124
7384;12216;8600;3116;2880;-3529
6816;12748;8380;2211;2125;-8455
1136;12628;8024;3239;-2602;-10894
-420;14420;9336;541;-2839;-7673
-3776;14588;8000;-235;-3923;-2910
-2420;14808;9796;-342;-5275;835
-3372;15144;6708;1512;-1634;4327
-580;14656;8188;1947;899;5070
2168;13972;8396;1504;5392;5272
4964;14028;7100;79;4527;4343
7432;14692;8088;-219;3007;1575
8396;15320;10020;610;1651;-4275
4772;14436;8700;1136;-772;-7643
1024;14116;7532;1799;-2957;-7486
-600;14340;6476;1848;-4466;-6285
-3504;14192;7436;1857;-4367;-5410
-6980;15360;6404;391;-2245;-1621
-8244;16396;5576;826;-621;2813
-5296;15752;5512;236;4264;8780
-144;13824;5024;1065;8787;11115
4768;13280;7424;-426;4655;9955
8928;14324;7408;-1666;4662;6069
12200;15724;7652;97;283;-492
8500;14340;7340;1901;-1820;-7674
4288;14220;7300;2503;-5407;-10953
-208;12956;7532;4441;-7760;-11906
-5224;14388;4400;693;-4660;-9990
-7988;15240;5496;2228;-4070;-4756
-11260;15820;5964;1875;-991;2581
-6104;14652;5648;1508;1452;12265
496;13984;3200;1220;9609;15640
6172;12532;4092;-1090;5129;13490
11116;14264;4344;-344;3132;7450
13048;15716;6612;-120;1240;-2231
9928;14604;6456;111;-433;-11765
2352;13156;6468;1075;-4241;-15195
-2628;13292;5512;-1168;-3499;-13542
-5844;14360;6576;-622;-3327;-9436
-9092;15588;6336;625;-2130;-3494
-11548;15420;5000;83;-1455;4785
-6400;14280;4612;-354;2507;12399
-112;12688;4292;-373;7836;15412
6292;13288;5240;-1297;2361;10894
9776;15616;5828;-4460;3316;6517
12388;16532;7280;-714;982;441
9152;14364;8180;3112;-888;-8777
4400;13424;5264;2822;-3880;-11917
-100;13816;4516;2760;-4420;-10169
-3636;14868;7060;59;-4386;-8835
-8812;15488;6388;44;-2454;-3982
-9952;15200;4580;201;694;4893
-5164;14432;6020;-2386;3606;9498
136;14480;7096;1714;4981;11739
3864;14704;5096;1277;6417;10198
8580;14048;7332;93;1671;8991
13140;15796;4484;524;793;1804
11416;14680;5272;-17;-492;-6822
6424;13352;5152;-824;-2116;-13511
2500;13540;5020;-1249;-2680;-13480
-3132;14280;6760;-865;-3369;-13416
-12068;14312;7604;989;-1567;-6913
-11328;14548;6340;1821;-731;3358
-5344;14856;6280;587;551;9005
-1336;14980;4516;399;3056;11246
2624;13264;9048;1999;-1320;14757
12272;14380;5056;873;1405;9301
12964;14940;3880;973;2005;2511
11988;14840;4604;-1031;2328;-6427
6484;14464;6856;288;-164;-12005
2468;14408;5308;-377;-2575;-12242
-2508;13132;7044;-191;-3977;-9810
-7100;14868;7824;-603;-1731;-6039
-11992;16208;6908;774;-1767;1377
-6488;14156;4380;1428;1588;9481
4960;15156;2168;2069;2671;7687
4412;16484;3340;636;4869;3582
3420;16508;4540;300;859;2234
5964;16112;4708;3;1036;535
5472;15740;3128;-428;1134;-4337
3776;15156;5396;-823;-2564;-7564
-2832;14868;7232;-1827;-2073;-7907
-6476;15568;7652;793;-2895;-2893
-8484;15192;6008;1959;513;3304
-4748;14272;7304;3548;544;10860
4288;14240;4008;3104;6423;12856
10404;15664;4576;1911;3586;7057
12360;16012;1692;-1280;1620;-3141
6784;14984;3656;-2421;312;-10471
520;15156;4892;-2751;-1326;-11599
-7212;14936;5604;514;-1926;-7689
-8652;14868;3868;2753;-1271;3156
-1908;14884;4248;4004;-1792;10568
5036;15516;1276;4304;734;9540
14212;16900;32;-622;3994;347
6696;14824;4492;-3666;2568;-9101
768;16084;6672;-3010;-920;-9550
-4252;14960;7572;-519;-4503;-8226
-7096;15116;6248;727;-1921;-4097
-9520;14584;4104;2274;1552;5485
-3548;14072;5568;3768;-936;13540
4956;13700;3088;2671;2805;14540
9980;14900;3264;1079;3708;9447
12120;15648;4080;-991;2951;3021
12712;15812;4300;-828;1315;-3189
7816;15156;4744;-793;465;-8979
4784;15012;5320;-104;-535;-10151
1416;13956;5808;1429;-3209;-8853
-1936;14464;3636;-30;-5306;-7538
-6208;15424;4520;468;-1686;-5532
-8656;16208;3692;644;330;-441
-7580;15176;4280;889;1910;7593
-656;13512;4780;4137;1711;13225
6644;13620;2352;2196;4207;12041
12316;17100;1820;-1166;6592;5425
13704;16968;3024;-1364;2357;-2446
9380;15148;5660;-785;-1299;-8942
4636;15124;5368;-246;-3254;-11070
-1588;14228;6380;-1075;-4249;-9871
-6544;14916;8160;200;-3746;-5916
-10708;14368;5656;1486;-860;2040
-5004;14200;4100;1090;1509;9474
3924;15136;1660;2019;4340;10566
10020;16008;3468;-1423;4657;3242
9940;16028;5080;-1763;1520;-3470
5932;15804;5200;-1897;-1523;-8590
-220;15440;6112;-39;-4097;-9272
-5988;14912;6744;1281;-3704;-5758
-8384;15092;5884;2304;157;146
-4380;15188;3324;1350;1229;6618
-36;15652;5344;2264;940;8262
2160;15240;2972;1146;5184;8815
6432;14776;4268;-1478;5577;6995
9640;14676;4868;-549;861;4438
9752;15092;5992;-3184;3411;-1809
8552;15608;6648;-2532;673;-6683
4564;14960;6232;-2267;-3638;-9272
832;15060;6108;-896;-5067;-9359
-4388;15304;7136;-298;-3266;-6162
-5572;15340;7416;1744;-5201;89
-1980;15296;3520;2637;-1182;3748
100;14888;5956;201;649;4504
2212;14928;5324;531;3549;5892
7024;15588;6120;113;2845;3736
8596;15832;7012;-1864;2754;-3438
7292;15628;4884;-761;-1144;-8341
-732;13712;6884;-1795;-1240;-9454
-6652;13084;8396;7;-1846;-3513
-7772;14332;9376;1558;-1114;3695
-2428;15864;5168;4544;854;8700
3936;15640;3948;5088;3666;9372
8036;15320;4088;-529;2384;3874
4988;14648;6336;-1750;3962;1888
11720;13716;4660;-1336;541;-1146
5556;14408;6736;-417;-3650;-3084
4604;15648;6492;66;-3337;-4670
28;14776;5628;-580;-3255;-5245
-1068;15120;5652;-546;-2334;-2404
-2108;16136;5852;-286;-2219;268
-1864;15652;5540;21;178;3330
2316;15672;4924;1681;4013;4751
5656;15104;6296;1166;3422;4348
10152;15464;5756;1613;1855;3402
10124;15476;4284;-32;894;-4522
5900;14732;5596;-2519;-1553;-9897
-892;14552;6700;-1757;-2487;-10658
-5920;14248;6784;-706;-3776;-4980
-4528;14248;7588;1757;-1331;436
-5544;14744;5772;1675;-559;3656
-1968;15576;5384;575;934;7566
2968;15324;3904;-322;4116;7605
5712;15988;5152;-81;4067;4585
7888;15572;6404;-550;1696;2938
10008;16540;6280;724;125;-1952
5228;15460;6244;-1024;-1275;-8460
288;14356;5644;-1703;-1009;-8366
-3584;14396;6824;65;-2350;-2507
-2464;14896;7224;589;-2895;-343
-2656;15032;7100;-238;-1193;1005
-748;15304;7784;-720;883;1259
-448;15068;7836;-501;1950;1952
344;15248;8328;-263;2365;2443
1796;15108;8104;398;2462;2342
sample end
3128;15532;7308;1071;1053;868
3608;15588;6116;559;-55;-788
2480;15440;6092;-131;-1327;-1863
1116;15032;7124;8;-1900;-1675
992;15440;6620;711;-2580;-831
124;15296;6828;-119;-1299;-603
452;15500;6920;-326;-743;-529
392;15388;6644;-920;-917;-372
-396;14772;8460;-1275;-719;576
428;15564;8284;-808;83;518
796;15404;8276;-416;328;332
764;14700;8456;-54;213;459
1292;14468;8728;-411;611;819
1176;14592;7436;-432;746;724
1216;14816;7752;-1437;749;752
1608;14376;7928;-2901;79;247
1648;13780;8180;-4822;692;146
1448;13228;9448;-5001;646;363
2668;12712;10568;-4708;-969;-571
1580;11300;12328;-5022;-418;-260
2060;11472;13352;-6357;-209;-372
1824;10488;15628;-5124;-203;-774
1612;9364;16500;-1032;338;674
1680;9532;15588;257;7;1419
1820;9720;15388;993;389;1303
2040;9984;14232;862;1499;1613
2264;9748;14704;595;746;854
2188;9916;13780;184;729;872
2556;9852;13872;-891;1332;491
2320;9660;13732;-998;1102;-180
1976;9216;14476;-475;240;-557
1496;9124;14844;-374;149;-709
1328;8876;14884;-432;757;-2
1768;9004;14928;-328;339;-67
2180;9056;14728;-740;538;-125
1284;8444;15016;-641;158;-200
1360;8536;15152;-228;227;68
1548;8544;15020;-419;413;-163
1504;8372;14916;-428;648;120
1400;8512;15084;49;212;107
1284;8228;15632;-14;223;85
1480;8260;15412;222;284;66
1420;8372;15044;-140;53;-181
1264;8292;15356;54;154;-173
1296;8056;15268;-27;359;-16
1440;8288;15176;22;357;130
2;circle_cw;sample start
1552;8096;15044;-435;466;75
1344;8192;15300;-59;478;125
1220;7932;15320;-153;454;92
1436;8104;15200;55;324;-38
1264;8016;15576;-290;302;-22
1056;7896;15340;-453;-51;317
1588;7916;15912;-53;86;573
1888;7952;15516;239;-77;-255
1472;7568;15436;209;217;-224
1344;7556;15360;-433;142;-221
1200;7724;15720;-26;79;10
1200;7564;15376;-54;319;65
1608;7564;15176;-13;217;204
1928;7744;15520;-419;260;-93
1796;7620;15736;-146;-171;-601
1020;7180;16076;418;-524;-364
1384;7212;15608;190;160;104
1552;7156;15700;-426;444;-113
1508;7356;15696;-170;461;509
1928;7508;15876;-126;729;59
1536;7324;15572;210;195;-133
1656;7140;15892;212;123;-1
1440;7264;15796;-195;466;52
1732;7340;15608;-157;574;71
1648;7132;15608;-116;276;-93
1516;7504;16056;-1157;137;19
2260;7660;16488;60;-617;-709
976;6872;16676;990;-225;-717
1196;7740;16556;691;389;26
1980;7272;16212;1408;376;-537
1252;7056;14752;1037;-432;-721
1360;7392;14588;1157;110;250
-428;8288;16456;405;441;1191
1792;9944;18980;3802;2320;4059
6092;10076;15004;8829;-11;-357
4448;8824;9540;4648;-3;-3164
1960;7912;6700;-58;-1188;-3703
-1220;7852;9336;-7339;-2234;-4254
-3212;6900;19188;-9919;-1514;-627
-2468;6788;21836;-8349;-361;2254
-1580;6080;20756;-2499;807;5039
3620;7108;21544;2597;1027;5996
7044;8216;18180;7315;952;2741
7692;8256;12616;9246;-483;-1680
6680;8560;10828;5279;766;-4428
2216;8628;8520;3008;1079;-6024
584;8740;9792;-2270;1996;-5756
-2184;7368;9424;-7377;-3358;-6191
-6188;6204;14528;-4623;-1608;-978
-4428;6840;18104;-8337;-3470;3348
-1572;6356;20924;-7739;1326;6235
220;5588;21768;-1404;1111;6358
3384;6328;21044;3291;1815;5149
5920;7492;18324;7592;2285;2042
5644;8896;12724;7632;2522;-1159
4184;8712;11608;5470;2251;-5132
148;7748;10492;1838;1500;-6562
-2240;8220;10240;-2754;-1490;-6409
-4424;7712;12788;-3988;-3201;-5011
-4876;6540;13864;-4597;-4046;-2016
-5940;5440;17596;-4679;-2409;2372
-3324;6148;18192;-4742;-757;4658
-1800;5956;18348;-2293;756;5718
496;5808;20696;117;2836;6377
2040;7560;21088;5496;4202;3997
2936;8192;16028;8836;4466;2146
2108;8724;13912;8015;4237;-789
488;8460;9364;6206;1536;-2930
-1792;8852;7952;-651;999;-3774
-4596;6416;11648;-5304;-365;-4944
-6532;7568;12572;-9902;-1151;-3021
-9416;5380;18920;-9866;-684;-1302
-8608;3800;20800;-6093;-1326;2743
-6312;2620;17208;-5656;162;6532
-2348;2568;22976;-1525;2522;8835
1424;3436;21732;5940;2875;6107
828;3948;16008;8773;3516;3763
1160;5196;14384;8456;1442;26
-92;6476;10044;8190;168;-2950
-1548;6944;9384;2619;-2951;-6749
-7316;7156;14172;-2380;-4227;-9341
-11916;6492;14900;-9272;-3526;-5349
-10444;4312;22168;-11070;-2108;179
-9056;-996;21212;-12837;-1536;8036
-4052;-1340;21824;-7984;-3189;11874
276;-1200;27148;2950;-2273;8489
1600;2744;18904;9726;930;5168
2532;4096;16980;10807;1234;443
2044;5872;12436;10247;344;-2758
396;6708;9760;7443;-1372;-5432
-1040;6700;10116;3104;-1409;-7959
-3708;7816;9628;-1319;-2757;-8100
-5268;7112;14248;-6445;-2153;-5053
-9524;6396;15864;-13044;-2166;-1070
-8952;3776;17788;-11794;-2015;2251
-7048;1524;17348;-8664;-167;7102
-3388;1212;20528;-1377;597;9269
-212;912;22284;4852;1584;8671
2548;2424;19060;10992;909;4937
3404;4448;15668;10865;2039;-153
1212;4928;11000;10623;-198;-5472
-2820;6900;8252;4213;-3442;-8853
-5444;6432;9780;-2108;-3620;-8988
-6832;4724;11392;-3582;-3862;-8097
-10540;3896;15792;-10672;-3011;-2735
-11424;2292;20032;-8915;-614;3448
-7740;-244;22236;-5909;206;7169
-5156;280;22124;-2751;462;8492
-2444;-384;23360;2661;370;8304
60;1340;19828;9670;-611;5363
2720;3216;16920;11218;1275;1237
1260;5104;14536;10813;-254;-3596
0;6080;11900;6615;-794;-7373
-3268;6064;9176;3852;-2616;-8207
-7248;6124;10740;-3507;-5383;-8795
-8972;4772;13596;-7056;-4753;-6608
-9152;2428;17296;-12217;-3557;-1109
-5568;152;23820;-11238;-3302;2931
-3832;-2924;20000;-9799;-1550;8441
-2100;-1452;21596;-3596;503;10285
-208;-1396;23072;3449;1435;9719
812;572;21216;8743;1712;7293
3108;2880;18156;9992;2522;2641
2252;4408;15688;10426;1767;-1734
1208;6224;12296;8726;-334;-5530
-1468;7180;12040;5147;-1427;-7799
-4296;6172;9652;556;-3460;-9241
-6048;7160;12980;-5277;-3632;-6513
-7788;5644;11316;-9214;-2066;-4460
-8140;2020;15992;-11139;-3266;-2219
-7632;776;17000;-8213;-895;2904
-4200;-412;19584;-6017;-762;5897
-2188;-1408;23176;-3674;-1903;5690
-2304;-1424;22864;476;-1199;5804
-1828;12;21140;4058;773;5736
-476;876;20996;5820;359;3538
896;1868;19732;8796;1393;1318
544;3432;16152;9541;1900;-1132
-756;5316;13420;8592;1016;-3076
-2720;6528;11960;6916;-213;-3946
-4028;7352;13088;4065;-1675;-5428
-4732;7452;12084;1858;-1916;-5522
-5428;7988;10476;-779;-1478;-3903
-5652;7308;11700;-3414;-1800;-3114
-6504;6144;12040;-5083;-751;-2417
-6744;4480;14916;-5521;151;-2185
-6628;3496;16300;-6921;-661;-1353
-7068;796;17984;-5804;-1946;-474
-7652;-836;16492;-6398;-3196;3688
-5172;-1104;18488;-5908;-3047;8784
-3336;-1856;22628;-1213;-2890;10303
-524;-828;20708;4814;-1876;8842
2204;2420;19920;6533;1298;6586
2232;2104;18596;9292;3123;1116
912;3956;14212;9790;2791;473
744;6216;12992;9178;-146;-3105
-704;7740;11976;6846;-893;-3833
-2680;8460;10472;5286;-3070;-5627
-3336;8648;10220;2476;-3404;-6197
-4544;8980;11308;-1799;-3451;-5815
-5820;7448;12084;-3243;-4044;-5005
-6516;5968;11960;-8984;-1258;-2983
-6412;4156;17408;-9199;-1566;-2796
-6604;3028;18604;-10099;1581;3247
-4968;2368;18472;-8040;-247;6468
-4008;-944;19980;-4934;-2006;6708
-2376;-1544;22120;-1836;-1519;9746
700;-1164;23364;2704;-1444;7905
1480;488;20460;6359;751;5155
2920;2708;17812;7669;1437;3065
2140;4088;16468;10294;1962;-9
1268;5536;14556;10750;2552;-2318
832;6776;11296;10370;562;-4723
-1456;8440;9308;5884;-2098;-7623
-4288;8856;8164;163;-4127;-7140
-5924;8764;10572;-6287;-4874;-6862
-7236;6744;10568;-8610;-2360;-5863
-6640;4872;12840;-11422;-1072;-2764
-7120;4096;25776;-8270;-2259;925
-8200;-704;20380;-9232;-3997;5694
-2156;-296;22524;-6000;-2525;10999
-592;-428;23228;1170;-1169;9686
2280;476;24188;5608;-1026;8190
4440;2420;25916;11450;2723;2573
3628;3656;15064;12048;1617;-3409
1112;4956;13292;10533;-426;-5547
-648;6384;11424;7565;-834;-5845
-1488;6348;6012;3327;-2498;-6979
-5676;7376;5364;-6853;-5307;-6751
-9044;5352;14520;-12382;-1604;-3572
-9128;3752;18292;-10396;-2110;441
-6620;1388;22184;-5589;-2719;4269
-3300;-884;25384;-3485;-2492;10167
-12;-96;26892;2241;-732;8772
4624;1028;21676;9528;1871;5459
5692;3312;15564;11031;1310;-191
1508;4812;14336;8940;-121;-4803
-1100;6128;13420;9354;-400;-5700
-1940;7340;9276;6637;-2066;-6987
-4176;7008;7752;1099;-4009;-6350
-5632;5436;14444;-9828;-1204;-5400
-9124;4608;14544;-15108;-1260;-2515
-10744;1216;16108;-13053;475;2278
-4572;1764;19788;-5647;-2288;4842
-652;1520;22928;-499;-1197;4752
-1628;1868;22972;4135;113;4167
320;3716;19452;7855;854;1655
844;4448;16784;7973;2926;-1113
-916;5324;12128;7992;-63;-4318
-2748;6732;10548;5951;-3524;-2370
-3420;7688;11936;2258;-2721;-2780
-4560;7600;15516;-982;-1627;-2832
-4396;6904;16932;-842;-514;-2549
-4488;7540;14892;34;-729;-1164
-3868;7632;15720;-1932;1721;772
-3512;6708;15804;43;792;1014
-1668;7444;15760;651;891;1077
-4312;7488;15268;633;555;345
-3808;7376;14556;189;-218;347
-3704;7044;15584;-34;-352;344
-3896;7088;15640;326;418;1015
-2856;7680;14924;180;212;492
-2636;7384;14956;-181;-300;-483
-3492;7192;14736;-796;68;539
-3396;7084;15228;-927;-344;443
-3116;7064;15852;-301;-220;732
sample end
-2696;7140;15792;-388;-156;241
-2684;6776;15836;-835;368;95
-2504;6552;15964;-221;20;219
-2532;6952;14904;-200;-694;100
-2356;6792;16172;-546;-421;119
-1872;6936;15812;290;-485;83
-2056;6652;16328;212;-182;-38
-2272;6868;16092;537;-55;189
-2048;6864;15596;-95;199;322
-1704;6780;16088;-201;358;-14
-1896;6800;16040;-73;63;-229
-2380;6632;15752;-201;80;115
-1992;6716;15980;-420;215;655
-1100;6952;16004;97;94;180
-1548;6440;16252;190;-35;-227
-1820;6484;16012;45;181;225
-1444;6704;15980;-370;-50;-21
-1604;6468;16432;-79;0;-74
-1524;6588;15944;74;311;144
-1368;6636;15876;-176;423;192
-972;6816;15848;-116;417;-22
-1560;6588;16044;351;238;-429
-1772;6296;15852;67;225;-219
-1428;6732;15836;-42;103;-222
-1664;6348;16640;27;147;-147
-1572;6160;16612;-28;192;58
-1360;6472;16048;-30;483;172
-1432;6540;16280;143;395;-56
-1536;6460;15516;-145;265;132
-1324;6644;15916;-45;296;142
-1368;6644;16328;-56;41;5
-1476;6476;16208;293;387;-63
3;circle_ccw;sample start
-1456;6612;15724;183;539;145
-1504;6528;16060;220;402;-100
-1788;6600;16112;39;462;44
-1760;6568;16120;-88;341;164
-1092;6900;15860;211;7;454
-1456;6500;16296;174;-68;-129
-1752;6308;16192;-24;290;5
-1300;6644;15932;-64;632;51
-1284;6524;15344;-197;49;-244
-388;6828;17180;-1267;165;-593
-1704;6584;18124;436;-431;-917
-1716;6504;16776;907;302;-892
-2608;7832;17960;-52;-176;-247
-2384;6888;21460;2268;1946;155
-4068;6328;16120;8317;1890;1126
-2932;7736;10176;6721;1495;3557
-2072;8104;9740;2669;1969;5351
-192;9236;10180;-309;2975;4879
728;8940;10108;-3888;3809;4498
1880;9232;10664;-6335;1815;4316
2492;7984;13840;-6638;-33;1524
1128;6872;16592;-6553;-556;-1156
1960;6544;18432;-4410;-2483;-3154
2160;5352;20388;-285;-1235;-5889
492;4328;20672;2455;-2375;-7594
-16;5496;23156;2109;-2830;-8692
-2192;6080;23488;6051;-1402;-6972
-5368;6696;17644;9522;-235;-3332
-5020;7048;13340;11849;1966;1478
-3496;8652;10996;8126;2935;5014
-1384;10120;8404;4953;2930;6792
1256;11056;7832;-968;5188;6649
3508;11164;11796;-2847;898;3687
3500;11280;11940;-4517;-302;1126
5604;10916;13044;-6187;2449;-1034
3252;9372;13292;-7317;3957;-3378
1820;6480;13780;-8561;5390;-5849
816;3792;17256;-11451;432;-7595
-4036;1752;22392;-6540;-1460;-6399
-2948;2408;23780;509;-1747;-7176
-4176;2252;22852;6164;1289;-5413
-5396;3292;18184;7918;3189;-3109
-6920;3076;16200;6714;5191;1335
-6952;5880;10712;4707;6431;5611
-5016;6912;10996;100;7240;5990
-4268;8228;7912;-2672;6555;6000
-4428;6628;11748;-7620;4539;4517
-3580;5540;11560;-10804;998;2848
-472;4848;15076;-8633;-2022;582
-3412;264;19852;-6593;-2564;-3584
-2860;-1432;20044;-2318;-3527;-6164
-3188;-456;21752;478;-3937;-7529
-4732;-1004;21416;4478;-3061;-8389
-6324;640;20592;6572;38;-7542
-8084;824;19840;9918;3279;-3099
-7936;3232;15096;10602;3996;1952
-9524;3860;13564;5627;4629;5631
-6000;6288;9660;1385;6323;7654
-4852;5880;10404;-2633;5733;8025
-3084;7124;10988;-6229;3962;6529
-1324;5248;11876;-9206;2511;4054
-956;5280;16604;-10322;-1249;982
-1352;1196;17296;-8136;-3467;-4087
720;-1596;19464;-6604;-5691;-6403
-2204;-3416;24996;-2665;-5587;-9221
-3480;-3608;24588;2325;-5669;-11429
-3396;-1144;24608;5130;-6087;-10360
-4396;-364;24516;8042;1480;-7175
-7032;1216;16008;11765;4718;-2467
-9684;1604;15016;10939;5988;4271
-5224;4508;9828;5454;7428;8194
-2156;6616;7224;-533;7555;9297
156;6808;9716;-8642;7476;7052
-2732;4924;14476;-9653;4502;1871
-1264;3780;17228;-9377;1448;-2756
-1728;1808;18572;-5997;-750;-5804
292;-124;20664;-2567;-4627;-7077
-1548;-52;20904;367;-5536;-9330
-3280;-616;22692;4543;-4782;-8949
-5620;1284;20152;6192;-191;-6257
-8680;2096;18816;9789;4502;-1543
-7224;3992;15084;10070;5679;3171
-5264;6332;10400;6971;6513;7354
-2984;7228;10636;489;5269;6924
-1016;8208;9068;-4799;4255;5298
-876;7172;10632;-8699;2592;2122
3196;7044;15244;-7674;-1772;-1798
-1080;3912;17608;-5733;-1626;-4688
-1360;2548;19548;-3178;-3230;-6195
-2332;1400;22108;-1252;-4243;-6780
-3496;1852;20700;3235;-3619;-6201
-2836;2080;19872;4416;-2194;-4668
-5132;3172;20000;5158;1;-3052
-6576;3668;16624;6016;2406;-302
-6488;5484;15208;5935;3453;2448
-4932;6844;11700;3421;4965;5266
-3008;7408;11504;119;2746;5015
-2000;7084;14008;-4028;1573;4439
-64;6536;14580;-5642;800;1767
704;6168;18080;-4854;-1537;-1850
-392;4376;18300;-2090;-2846;-4544
-624;4776;16908;-1262;-3314;-4552
-2252;4116;16888;670;-4069;-5112
-2592;3616;19672;2438;-3044;-3762
-3576;4492;18780;5195;-244;-3372
-4092;5076;17020;7188;1768;-1820
-4640;6524;12912;5118;2746;785
-4880;7908;13192;3328;4661;3267
-2704;8240;11920;-1350;5286;5933
-1948;8584;12188;-3317;4099;4757
-260;6908;14816;-6806;3124;3335
-132;6156;15556;-6241;-1039;922
904;5032;17776;-4279;-2671;-2356
652;3808;18776;-1656;-3861;-3770
472;3600;20256;-517;-3884;-5201
-312;3868;16988;2964;-5368;-5230
-404;4552;19232;1320;-3526;-4988
-4144;4492;22332;6750;1035;-4568
-5072;5168;16228;8355;4679;-400
-4412;7108;14404;4224;7013;2272
-5424;7208;14020;1023;8260;3540
-4904;7724;9044;-997;6604;5818
-2676;7656;12360;-6923;4309;6299
-692;7148;14828;-5903;2747;4088
-1028;6628;14372;-6704;462;1527
-872;4876;16608;-6126;-1647;-2479
-1856;3148;16892;-5173;-2578;-2704
92;2196;18736;-6245;-3475;-4345
256;-1076;23680;-4385;-4251;-6429
300;-96;23500;30;-4232;-5818
-2740;1212;24860;5345;-689;-7715
-4324;1584;17828;9556;3782;-4637
-5076;3576;14500;10026;2702;-1497
-4844;5124;13692;8123;3584;2621
-4520;6244;13468;3896;5063;4377
-4020;6832;14236;990;5224;5406
-2748;7868;10112;-3038;4935;6371
-676;7328;10348;-7379;5565;6452
-136;6132;11880;-9327;2512;4187
2340;5528;14796;-10169;-538;-75
1196;2828;16136;-6839;-2683;-4514
172;152;21544;-5426;-3335;-5726
1192;-724;22844;-1150;-4377;-5589
404;1436;21300;1145;-3712;-6274
-3512;672;20056;5490;-1902;-3990
-1320;1784;18308;3706;-1540;-3086
-512;3436;18808;7354;-1170;-2890
-2380;3904;16440;7830;459;-479
-2584;6100;16608;6557;3622;2454
-2232;6400;15404;6858;5772;5266
-968;6068;12316;3017;7792;6372
980;7096;11720;-2436;8489;5874
1148;7324;13124;-6872;3935;4161
2172;6928;14444;-8590;684;1186
1724;4880;16800;-10269;-655;-3333
1376;2036;17772;-9400;-1814;-5892
168;692;18820;-6590;-2081;-5489
-828;-1612;22864;-1375;-1655;-4416
-72;-324;20688;4777;-4243;-5815
-504;320;25620;7147;-5535;-9421
-6192;1504;24668;9374;-664;-7008
-5668;2588;20268;10417;6111;2550
-3804;4112;13960;10701;7371;4647
-2692;5936;7660;6200;6983;6644
-476;7092;8232;-1236;5502;7061
-572;7420;10152;-6607;5395;3633
-324;6876;14472;-10524;706;1899
-208;5700;19256;-10658;-1917;-337
-216;2268;19960;-9172;-308;-4151
812;684;19440;-5663;-2705;-4633
452;-2008;22168;-2629;-3360;-7581
2672;-1272;24164;-3843;-3162;-10814
-2168;-440;23464;2662;-107;-9444
-5704;140;22068;12784;224;-8525
-5820;2044;16388;12620;4342;-4010
-6960;4320;11720;8400;8274;4375
-4108;5900;11844;1490;9089;9177
-84;7064;8976;-4503;7903;13178
2804;6584;12504;-10562;8083;9707
1236;4448;14876;-7503;1004;2487
2384;4684;15172;-7376;-1910;-1562
1180;1904;14088;-7949;-1861;-5633
1052;168;18000;-7674;-2849;-6547
-792;-1192;22944;-1612;-3901;-10041
-1552;-1760;28644;8666;-6433;-13816
-1544;-140;23072;13495;-1279;-8988
-3440;2784;16792;10430;5584;-2484
-4476;4552;15716;7756;7801;3721
-4196;5760;10944;4008;7206;7495
240;7896;11460;1368;5124;7676
64;8752;7420;-3998;4516;6953
3208;7056;10440;-10928;3751;6092
2084;6256;13972;-12595;1555;1234
2352;1832;20220;-11295;-1345;-4064
780;-724;22656;-5021;-2260;-4366
472;960;19300;-1030;490;-4223
-1320;-684;19488;1882;-600;-5192
-848;700;17512;1941;908;-2642
-2956;1108;15984;1954;340;-2096
-1880;1440;15852;2256;491;-1187
-900;1820;15348;883;478;145
-1164;2336;16384;487;31;-372
-824;1904;17788;1464;-1036;-27
384;3092;16952;1093;-844;-560
-284;3148;16576;804;-361;-615
-116;2292;18448;1291;-829;-1320
16;3088;17696;1182;-358;-923
292;3100;18244;716;-521;-1139
636;3624;17432;377;-750;-1770
624;4056;16736;115;-629;-857
648;4252;16520;763;-907;-1221
1040;3892;16924;1132;-524;-781
1088;4544;15608;53;-30;-38
sample end
852;4300;16652;325;124;344
1064;4480;16628;272;228;-32
748;3916;17700;-69;511;356
712;4336;16108;-219;521;552
536;3780;16500;-897;106;-76
1036;3648;17828;-946;1161;680
444;3456;16312;-447;2094;1001
40;3036;16892;-1189;1606;699
92;3560;16256;-760;1428;1146
-308;3096;16916;-760;490;-285
12;3096;17348;529;-399;-611
-460;2612;17268;615;-103;-391
-500;2664;17640;217;52;-292
-300;2832;17016;65;214;48
184;2996;17804;301;-48;-165
-244;2748;17828;290;491;553
-252;3000;16872;384;36;368
392;3144;17112;-13;-102;246
-92;2844;17860;742;75;285
352;3316;16800;1944;480;602
-8;3620;16412;469;19;397
-428;3384;16336;-719;983;1265
-1220;3656;17692;-1720;2775;1916
4;rotate;sample start
-72;2924;16872;-204;1268;1381
-816;2988;16496;-541;1393;937
-1212;3028;17172;-1163;2104;1726
-1588;2492;16712;-1001;1671;2168
-2072;2076;16496;-2352;766;1915
-1516;1616;17460;-1680;718;1296
-1712;1284;17076;-1119;559;679
-1648;1312;17768;-369;9;917
-1100;1724;16832;402;212;961
-1512;1464;17512;556;-982;441
-676;1928;18972;3564;-6112;771
1200;2312;17940;6320;-13941;799
3056;2936;16720;6842;-14671;1125
7284;5624;11452;7790;-10949;1376
8448;6100;10196;4356;-10405;764
15404;8676;8264;-3123;11165;3207
4428;3524;16932;-11325;25538;1116
2896;2120;18328;-4792;31033;2370
-7724;1824;15400;-1276;21232;-1996
-10784;1596;14836;-75;12055;1291
-9448;2240;16132;-886;-5970;-1327
-9928;1036;13136;3125;-16971;-717
-5972;2408;16264;11577;-30577;438
2480;5592;15396;7449;-22310;1258
7404;6108;14132;2278;-14400;2705
11024;6456;9044;471;-5924;1862
7908;4488;11004;-6450;14607;3181
5340;5724;16748;-9871;25854;598
-1792;800;21116;-3378;19305;-381
-2708;2320;18444;-3580;12650;-2503
-5728;1688;17888;-2843;2211;-3457
-5264;1264;22196;704;-5046;-1532
-2584;2876;20624;6631;-5985;511
808;4200;18728;10548;-14375;4608
664;4612;15864;8681;-19573;4217
6276;6204;15020;3138;-17280;2741
11324;8336;16936;2665;-16736;-2024
13248;8372;10484;-719;-8928;3093
6392;5620;15172;-7357;22626;-97
3584;4964;13544;-6313;26767;763
-4584;3556;13652;-6044;30929;-2089
-9352;3004;13884;-6409;22740;-202
-12204;2288;16148;-1101;6065;1324
-9192;1296;22980;5261;-32768;2195
-528;2532;19376;7857;-32768;2826
12196;3916;15012;7737;-27896;2267
10304;5552;9772;5005;-18705;-2605
17160;7124;4584;7334;-31433;-9627
17092;9176;2312;305;1649;-1952
11748;6428;6396;-7663;32767;2540
3732;3004;12368;-9050;32767;4788
-940;3552;18008;-7299;30119;437
-8640;2084;13520;-3461;22706;2576
-10960;2188;14000;-437;3830;-435
-9180;1200;19508;3086;-29934;-1587
2640;3488;17364;6894;-32768;3080
12832;4836;13040;7085;-32768;-1795
11424;3216;10536;1423;-19619;-2428
11648;3504;7164;-1722;-8589;-1566
15544;4368;6104;-1145;5716;-96
15852;4584;8864;-8233;32767;525
11300;2704;14932;-2606;32767;574
5432;3036;17572;-680;32322;-4490
-2816;2456;15784;-603;25484;-1737
-7068;3216;12348;101;20353;-682
-9172;3300;13924;1588;4143;-185
-9872;3600;15976;2087;-22089;-2993
-3456;3628;18700;8049;-32768;339
8464;5608;11380;8494;-32768;7750
15180;6012;5244;6411;-32768;-425
17664;6952;792;5601;-30286;-4467
15460;7376;-4424;2236;1261;1776
16652;7176;-2056;-4843;16048;-134
13196;5272;6956;-2320;32767;-4582
9520;5148;15116;-5517;32767;4446
2180;3436;17460;-2187;32767;-685
-1364;4992;15224;-1594;19075;-2839
-6080;5048;17328;739;7645;-1271
-6312;6408;14420;2206;1617;-904
-3420;5484;18888;3151;-14031;-432
-336;6288;16812;3529;-19239;680
7980;7336;15816;3522;-17716;3138
5664;6604;12144;1297;-11140;4891
10792;6744;14028;-381;-6944;2071
12272;6988;12460;-1324;569;253
13588;7192;14332;-5831;17480;-3105
5960;5184;15984;-3121;25957;-6680
-2752;3216;17700;-1838;30716;-7046
-5404;4680;17272;1371;9189;-2134
-8448;4776;13844;1910;6931;-2202
-10188;4520;10776;1191;334;-87
-10788;5064;11584;608;-16727;2958
-4456;5096;14020;4153;-32768;7699
8868;8344;11360;4980;-32600;3068
11028;7312;10220;3058;-17239;-2039
12520;6176;9764;-1024;-11580;-1870
14132;6948;8224;295;-4421;-1609
15680;7868;8448;-1904;9851;-869
13484;7432;13044;-4013;22416;-1192
7588;5964;16352;-3102;24249;-3414
-244;5336;15896;-3157;20453;-3562
-5088;4208;16660;-1164;10407;-3926
-8264;4280;17368;219;-175;-2253
-7872;4656;16740;1864;-9857;-163
-7328;3140;18536;3356;-21388;3556
416;5308;15004;5103;-24655;8160
6504;5428;12740;2333;-17593;2180
9268;6424;10292;3423;-19179;-3384
12060;6760;7848;1546;-5616;440
12520;7648;4432;-508;-19;846
9300;6856;5036;-3606;17210;-4260
8192;7920;5024;-8177;30758;-1493
2564;7008;8692;-5276;29164;-1678
952;6456;16436;638;19867;-4299
-3240;6624;16464;369;172;-2807
-576;7540;16972;2839;-4833;-1134
-1892;7340;16892;4725;-11137;643
3432;7308;16036;5453;-19061;3927
6636;7068;11140;3165;-15504;6891
10524;7668;8152;1821;-12456;-20
11484;7988;7432;-96;-11747;-973
12708;9064;4004;-380;-1548;1801
10212;9112;3596;-3540;11845;288
5204;7856;5308;-9483;27949;3299
6496;6432;13212;-7181;30755;4174
1284;5968;14548;-1270;27617;1203
-5180;6176;15424;-338;11176;-2906
-4352;7168;15128;-2090;4358;-1602
868;7684;18500;6052;-15640;-2527
1500;7364;13272;8805;-32768;1918
11828;9068;8312;11610;-32768;2162
14764;9916;3976;7762;-25716;-3440
13404;9804;572;4049;-9307;364
14592;9308;908;1586;640;3494
14508;9164;1388;-1616;9142;2220
13744;8644;6108;-7546;31066;119
9580;7376;11520;-8357;32767;774
1628;4992;14416;-3224;21521;-1252
-884;5360;14844;-3157;18091;-780
-8984;5108;16020;-330;2244;566
-7344;5196;14376;37;-4210;545
-4088;5776;17556;6636;-32768;-1310
1316;5296;14004;10885;-32768;4043
9404;6048;11072;8087;-29860;1557
9352;7000;6604;6729;-24998;417
14548;7628;60;2539;-7693;1584
16108;7892;420;526;-3173;4
17020;8320;3220;-7195;31876;-2412
11300;6952;9336;-7612;32767;2356
8400;7064;12356;-4876;32767;1938
-3184;5792;13496;3438;15375;-3563
-4428;6048;16380;1678;7132;-911
-6432;6412;16752;477;3282;-395
-4188;6908;17712;1016;-27433;-1096
2956;6288;19112;-1715;-19558;2095
6384;6132;16860;234;-12992;2104
14312;5776;18460;-1448;-16307;-1599
8408;5160;15364;-1197;-1971;1260
9584;5364;11956;-1252;5540;2415
8680;4820;13768;-1384;2667;1355
8844;4800;14280;-789;1482;-92
8424;4044;15960;-1299;164;-68
8504;4152;14708;84;-1023;-553
7832;4464;13688;-244;61;768
sample end
9616;4216;15064;-324;1336;768
8372;4404;14660;-298;1444;564
8792;3936;14708;-30;2177;191
7620;4392;14524;-696;2003;487
7976;4040;14756;-1002;996;544
7816;4464;14308;-1391;3492;1337
5720;3852;14380;-2933;6611;2998
6932;2624;16028;-5198;4595;3481
4684;1004;17080;-4683;4215;3209
3836;-480;17340;-2745;1524;1014
3652;-1332;17708;-525;3854;361
4180;-1564;20332;1275;-1856;-1772
3396;-308;16600;-308;-2038;-1356
2624;-1004;16840;-1942;1050;-539
3700;-1248;17600;-1670;-1518;-2600
2316;-2440;20072;-3431;-2347;-2641
4396;-1872;13280;1495;-6367;-4364
6540;-2292;15668;23;-5766;-5885
8968;-1016;16380;2124;-7013;-3789
8484;-580;17544;3512;-8571;-4641
10004;816;13836;1930;-8342;-1512
12132;1132;15124;1026;-2522;156
12432;3304;14296;-2330;3169;909
12924;3324;11480;-923;-7718;354
10684;1948;10152;2481;-7686;-3138
14368;2080;9536;-1777;5856;522
11136;2252;10440;-1561;2592;981
10856;460;11444;-4401;9633;1326
10180;2128;14892;4657;4904;-3445
88;3880;8420;-2005;15492;-1101
7224;1624;16144;1365;9739;2313
5464;1960;20008;1008;14552;2712
3864;1784;17784;338;-272;2104
2300;724;9300;1180;32767;2840
-1952;936;11608;-22;-692;-2
424;1552;17352;85;276;-40
344;1528;17512;46;250;-96
352;1604;17444;52;227;-63
304;1604;17476;59;285;-68
392;1532;17420;57;265;-41
368;1512;17448;73;235;-30
364;1584;17396;56;249;-29
352;1588;17376;48;228;-31
